-- phpMyAdmin SQL Dump
-- version 5.0.2
-- https://www.phpmyadmin.net/
--
-- Host: localhost
-- Generation Time: Jul 24, 2020 at 12:45 PM
-- Server version: 10.4.13-MariaDB
-- PHP Version: 7.1.33

SET SQL_MODE = "NO_AUTO_VALUE_ON_ZERO";
START TRANSACTION;
SET time_zone = "+00:00";


/*!40101 SET @OLD_CHARACTER_SET_CLIENT=@@CHARACTER_SET_CLIENT */;
/*!40101 SET @OLD_CHARACTER_SET_RESULTS=@@CHARACTER_SET_RESULTS */;
/*!40101 SET @OLD_COLLATION_CONNECTION=@@COLLATION_CONNECTION */;
/*!40101 SET NAMES utf8mb4 */;

--
-- Database: `group1`
--

-- --------------------------------------------------------

--
-- Table structure for table `bill`
--

CREATE TABLE `bill` (
  `bId` int(11) NOT NULL,
  `cusId` int(11) DEFAULT NULL,
  `sId` int(11) DEFAULT 1,
  `dateBuy` datetime NOT NULL DEFAULT current_timestamp(),
  `total` int(11) NOT NULL,
  `status` int(11) DEFAULT 0,
  `phone` varchar(15) COLLATE utf8_vietnamese_ci DEFAULT NULL,
  `name` varchar(50) COLLATE utf8_vietnamese_ci DEFAULT NULL
) ENGINE=InnoDB DEFAULT CHARSET=utf8 COLLATE=utf8_vietnamese_ci;

--
-- Dumping data for table `bill`
--

INSERT INTO `bill` (`bId`, `cusId`, `sId`, `dateBuy`, `total`, `status`, `phone`, `name`) VALUES
(5, 2, 1, '2020-07-21 10:07:42', 270000, 1, '1234567890', 'nghi');

-- --------------------------------------------------------

--
-- Table structure for table `billdetail`
--

CREATE TABLE `billdetail` (
  `tId` int(11) DEFAULT NULL,
  `bId` int(11) DEFAULT NULL
) ENGINE=InnoDB DEFAULT CHARSET=utf8 COLLATE=utf8_vietnamese_ci;

--
-- Dumping data for table `billdetail`
--

INSERT INTO `billdetail` (`tId`, `bId`) VALUES
(56, 5),
(21, 5),
(22, 5);

-- --------------------------------------------------------

--
-- Table structure for table `categories`
--

CREATE TABLE `categories` (
  `cateId` int(11) NOT NULL,
  `cateName` varchar(20) COLLATE utf8_vietnamese_ci NOT NULL,
  `description` varchar(500) COLLATE utf8_vietnamese_ci DEFAULT NULL
) ENGINE=InnoDB DEFAULT CHARSET=utf8 COLLATE=utf8_vietnamese_ci;

--
-- Dumping data for table `categories`
--

INSERT INTO `categories` (`cateId`, `cateName`, `description`) VALUES
(1, 'Hanh Dong', 'Hoi hop lam'),
(2, 'Kinh di', 'Ghe lam'),
(3, 'Tinh cam', 'Sen lam'),
(4, 'Trinh tham', 'Hay lam');

-- --------------------------------------------------------

--
-- Table structure for table `categoryinfilm`
--

CREATE TABLE `categoryinfilm` (
  `fId` int(11) NOT NULL,
  `cateId` int(11) DEFAULT NULL
) ENGINE=InnoDB DEFAULT CHARSET=utf8 COLLATE=utf8_vietnamese_ci;

--
-- Dumping data for table `categoryinfilm`
--

INSERT INTO `categoryinfilm` (`fId`, `cateId`) VALUES
(1, 1),
(5, 1),
(2, 2),
(3, 3),
(4, 4);

-- --------------------------------------------------------

--
-- Table structure for table `customers`
--

CREATE TABLE `customers` (
  `cusId` int(11) NOT NULL,
  `levelAccount` int(11) NOT NULL,
  `totalPrice` int(11) NOT NULL,
  `totalTime` datetime DEFAULT NULL
) ENGINE=InnoDB DEFAULT CHARSET=utf8 COLLATE=utf8_vietnamese_ci;

--
-- Dumping data for table `customers`
--

INSERT INTO `customers` (`cusId`, `levelAccount`, `totalPrice`, `totalTime`) VALUES
(2, 0, 0, '0000-00-00 00:00:00'),
(3, 0, 0, '0000-00-00 00:00:00'),
(7, 0, 0, '0000-00-00 00:00:00');

-- --------------------------------------------------------

--
-- Table structure for table `films`
--

CREATE TABLE `films` (
  `fId` int(11) NOT NULL,
  `fName` varchar(50) CHARACTER SET utf8 COLLATE utf8_unicode_ci NOT NULL,
  `pId` int(11) DEFAULT NULL,
  `rating` int(11) NOT NULL,
  `limitAge` int(11) DEFAULT NULL,
  `status` int(11) NOT NULL,
  `releaseDate` datetime NOT NULL,
  `airDate` datetime NOT NULL,
  `endDate` datetime NOT NULL,
  `description` varchar(500) CHARACTER SET utf8 COLLATE utf8_unicode_ci DEFAULT NULL
) ENGINE=InnoDB DEFAULT CHARSET=utf8 COLLATE=utf8_vietnamese_ci;

--
-- Dumping data for table `films`
--

INSERT INTO `films` (`fId`, `fName`, `pId`, `rating`, `limitAge`, `status`, `releaseDate`, `airDate`, `endDate`, `description`) VALUES
(1, 'SROOB!', 2, 5, 12, 0, '2020-07-23 00:00:00', '2020-07-26 00:00:00', '2020-09-01 00:00:00', 'The adventures of the dog Scooby-Doo and friends have returned. This time their journey is to prevent a conspiracy to endanger the world, coming from a ghost dog named Cerberus.'),
(2, 'Peninsula', 3, 5, 18, 1, '2020-07-17 00:00:00', '2020-07-22 00:00:00', '2020-08-28 00:00:00', 'Because of the huge amount of $ 2.5 million, veteran Jung Seok returned to the peninsula despite the situation of thousands of hanging hair. Unfortunately, he and his comrades were metamorphosed 631 brigade with swarm of bloodthirsty zombies ambush. Rescued by the Min Jung family, Jung Seok must find a way to escape before it\'s too late! Blockbones Peninsula is part 2 Train To Busan that caused storms in 2016.'),
(3, 'WITHOUT A BODY', 3, 5, 18, 0, '2020-07-10 00:00:00', '2020-07-30 00:00:00', '2020-08-09 00:00:00', 'Because of a sudden accident, the mysterious story writer Alex lost his beloved wife. He moved with his two daughters to an old house. Terrifying events started to happen. Although he does not believe in ghosts, Alex also gradually feels skeptical and anxious for the safety of his family.'),
(4, 'PINOCCHIO', 2, 5, 6, 0, '2020-07-24 00:00:00', '2020-07-26 00:00:00', '2020-08-04 00:00:00', 'A fairytale about a wooden boy Pinocchio, which is familiar to millions of childhood. What is the difference between watching a live action film adaptation of a fairy tale?'),
(5, 'FAST & FURIOUS 9: THE FAST SAGA', 3, 5, 18, 0, '2021-04-02 00:00:00', '2021-04-16 00:00:00', '2021-04-24 00:00:00', 'Content: Fast & Furious 9 talks about the new battle between Dom and his teammates. This time, except for the familiar female villain Cipher, the film has the appearance of the character Jacob - younger brother of Dom.'),
(6, 'GHOSTS OF WAR', 1, 5, 18, 0, '2020-07-31 00:00:00', '2020-08-04 00:00:00', '2020-08-12 00:00:00', 'At the end of World War II, when the forces of the German army had weakened, a group of American soldiers was tasked with guarding the old mansion in France. However, a number of horrific phenomena happened that the soldiers had to find a way to flee.'),
(7, 'Out Back', 3, 5, 16, 0, '2020-07-24 00:00:00', '2020-07-25 00:00:00', '2020-07-31 00:00:00', ''),
(8, 'The Conjuring 3', 3, 5, 18, 0, '2020-11-12 00:00:00', '2020-11-18 00:00:00', '2020-11-26 00:00:00', '');

-- --------------------------------------------------------

--
-- Table structure for table `formality`
--

CREATE TABLE `formality` (
  `fmId` int(11) NOT NULL,
  `fmName` varchar(5) COLLATE utf8_vietnamese_ci DEFAULT NULL,
  `description` varchar(500) COLLATE utf8_vietnamese_ci DEFAULT NULL,
  `ticketPrice` int(11) DEFAULT NULL
) ENGINE=InnoDB DEFAULT CHARSET=utf8 COLLATE=utf8_vietnamese_ci;

--
-- Dumping data for table `formality`
--

INSERT INTO `formality` (`fmId`, `fmName`, `description`, `ticketPrice`) VALUES
(1, '2D', 'Khong co kinh', 90000),
(2, '3D', 'Co kinh', 120000);

-- --------------------------------------------------------

--
-- Table structure for table `graphic`
--

CREATE TABLE `graphic` (
  `gId` int(11) NOT NULL,
  `fId` int(11) DEFAULT NULL,
  `dateUpdate` datetime NOT NULL DEFAULT current_timestamp(),
  `path` varchar(100) COLLATE utf8_vietnamese_ci NOT NULL,
  `type` int(11) DEFAULT NULL
) ENGINE=InnoDB DEFAULT CHARSET=utf8 COLLATE=utf8_vietnamese_ci;

--
-- Dumping data for table `graphic`
--

INSERT INTO `graphic` (`gId`, `fId`, `dateUpdate`, `path`, `type`) VALUES
(1, 1, '2020-07-04 22:02:39', 'Ngoi_den_ki_quai.jpg', 1),
(2, 2, '2020-07-04 22:02:39', 'Ke_xam_nhap.jpg', 1),
(3, 3, '2020-07-04 22:02:39', 'phi_vu_bao_to.jpg', 1),
(4, 4, '2020-07-04 22:02:39', 'sua-ong-nuoc.jpg', 1),
(5, 5, '2020-07-04 22:02:39', 'Em_chưa_18.jpg', 1),
(6, 6, '2020-07-23 21:30:49', '919Or1PT32L.jpg', 1),
(7, 7, '2020-07-24 15:01:39', 'the-outback-movie-poster-2009-1020550108.jpg', 1),
(8, 7, '2020-07-24 15:09:10', 'the-outback-movie-poster-2009-1020550108.jpg', 1),
(9, 1, '2020-07-24 15:11:22', 'scoob.jpg', 1),
(10, 2, '2020-07-24 15:12:36', 'peninnsula.jpg', 1),
(11, 3, '2020-07-24 15:16:51', 'withoutabody.jpg', 1),
(12, 4, '2020-07-24 15:20:47', 'pinocchio-2.jpg', 1),
(13, 6, '2020-07-24 15:21:37', 'ghosts-of-war-poster.jpg', 1),
(14, 5, '2020-07-24 15:23:31', 'f9.jpg', 1),
(15, 8, '2020-07-24 15:34:34', 'conjuring.jpg', 1),
(16, 1, '2020-07-24 09:28:42', 'scoob.jpg', 1),
(17, 2, '2020-07-24 09:29:09', 'peninnsula.jpg', 1),
(18, 3, '2020-07-24 09:29:55', 'withoutabody.jpg', 1),
(19, 4, '2020-07-24 09:30:33', 'pinocchio-2.jpg', 1),
(20, 5, '2020-07-24 09:30:59', 'f9.jpg', 1),
(21, 6, '2020-07-24 09:31:21', 'ghosts-of-war-poster.jpg', 1),
(22, 7, '2020-07-24 09:31:43', 'the-outback-movie-poster-2009-1020550108.jpg', 1),
(23, 8, '2020-07-24 09:32:06', 'conjuring.jpg', 1);

-- --------------------------------------------------------

--
-- Table structure for table `nationality`
--

CREATE TABLE `nationality` (
  `nId` int(11) NOT NULL,
  `nName` varchar(20) COLLATE utf8_vietnamese_ci NOT NULL
) ENGINE=InnoDB DEFAULT CHARSET=utf8 COLLATE=utf8_vietnamese_ci;

--
-- Dumping data for table `nationality`
--

INSERT INTO `nationality` (`nId`, `nName`) VALUES
(1, 'ThaiLand'),
(2, 'Viet Nam'),
(3, 'Han Quoc'),
(4, 'My'),
(5, 'Trung Quoc'),
(6, 'Nhat Ban');

-- --------------------------------------------------------

--
-- Table structure for table `person`
--

CREATE TABLE `person` (
  `pId` int(11) NOT NULL,
  `pName` varchar(25) COLLATE utf8_vietnamese_ci NOT NULL,
  `nId` int(11) DEFAULT NULL,
  `gender` int(11) NOT NULL,
  `birthday` datetime NOT NULL,
  `description` varchar(1000) COLLATE utf8_vietnamese_ci NOT NULL,
  `rId` int(11) DEFAULT NULL
) ENGINE=InnoDB DEFAULT CHARSET=utf8 COLLATE=utf8_vietnamese_ci;

--
-- Dumping data for table `person`
--

INSERT INTO `person` (`pId`, `pName`, `nId`, `gender`, `birthday`, `description`, `rId`) VALUES
(1, 'Phontharis Chotkijsadarso', 1, 1, '1978-07-09 14:30:22', 'Thailand National Film Association Award for Best Art Direction', 1),
(2, 'Attachitsataporn', 1, 1, '1998-03-05 14:38:31', 'Phiravich Attachitsataporn, nicknamed Mean is a Thai television actor and model. He is best known for his role as Tin in the 2018 Thai television drama Love by Chance', 2),
(3, 'Timethai', 1, 1, '1996-01-02 18:38:31', 'Dharmthai Plangsilp (Thai: ธามไท แพลงศิลป์ - Thai pronunciation: [tʰɑːmtʰaɪ pʰlæŋsɪn]) (born January 2, 1996), known professionally as Timethai ', 2),
(4, 'Emile Hirsch', 4, 1, '1985-03-13 07:00:31', 'Emile Davenport Hirsch is an American actor. He is best known for portraying Chris McCandless in Into the Wild. Other roles of his are in films such as The Girl Next Door, Lords of Dogtown, Speed Racer, Milk, Lone Survivor, and Once Upon a Time in Hollywood. ', 2),
(5, 'Michael Polish', 4, 1, '1970-10-30 17:00:00', 'Michael Polish was born on October 30, 1970 in El Centro, California, USA. He is a director and producer, known for Twin Falls Idaho (1999), Northfork (2003) and Jackpot (2001). He has been married to Kate Bosworth since August 31, 2013. He was previously married to Jo Strettell.', 1),
(6, 'Mel Gibson', 4, 1, '1956-01-03 17:00:00', 'Mel Colmcille Gerard Gibson AO (born January 3, 1956)[1] is an American actor and filmmaker. He is best known for his action hero roles, particularly his breakout role as Max Rockatansky in the first three films of the post-apocalyptic action series Mad Max and as Martin Riggs in the buddy cop film series Lethal Weapon', 2),
(7, 'Won-Pyung Sohn', 3, 0, '1979-01-03 17:00:00', 'Sohn Won-pyung is a film director, screenwriter, and novelist living in South Korea. She earned a BA in social studies and philosophy at Sogang University and film directing at the Korean Academy of Film Arts.', 1),
(8, 'Kim Moo Yul', 3, 1, '1982-05-22 17:00:00', 'Kim Mu-yeol (born May 22, 1982) is a South Korean actor. Following a successful career in ... Other names, Kim Moo-yul. Education, Sungkyunkwan University', 2);

-- --------------------------------------------------------

--
-- Table structure for table `personinfilm`
--

CREATE TABLE `personinfilm` (
  `fId` int(11) NOT NULL,
  `pId` int(11) DEFAULT NULL,
  `description` varchar(500) COLLATE utf8_vietnamese_ci DEFAULT NULL
) ENGINE=InnoDB DEFAULT CHARSET=utf8 COLLATE=utf8_vietnamese_ci;

--
-- Dumping data for table `personinfilm`
--

INSERT INTO `personinfilm` (`fId`, `pId`, `description`) VALUES
(1, 3, 'abc'),
(2, 8, 'abc'),
(3, 6, 'hihi'),
(4, 4, 'Hi');

-- --------------------------------------------------------

--
-- Table structure for table `producers`
--

CREATE TABLE `producers` (
  `pId` int(11) NOT NULL,
  `pName` varchar(50) COLLATE utf8_vietnamese_ci NOT NULL,
  `nId` int(11) DEFAULT NULL,
  `description` varchar(500) COLLATE utf8_vietnamese_ci DEFAULT NULL,
  `birthday` datetime NOT NULL,
  `address` varchar(500) COLLATE utf8_vietnamese_ci NOT NULL,
  `phoneNumber` varchar(15) COLLATE utf8_vietnamese_ci NOT NULL,
  `email` varchar(50) COLLATE utf8_vietnamese_ci NOT NULL
) ENGINE=InnoDB DEFAULT CHARSET=utf8 COLLATE=utf8_vietnamese_ci;

--
-- Dumping data for table `producers`
--

INSERT INTO `producers` (`pId`, `pName`, `nId`, `description`, `birthday`, `address`, `phoneNumber`, `email`) VALUES
(1, 'Nguyen Quoc Toan', 3, 'zxczxczxvcbcvbc', '2000-08-14 18:00:00', 'Cần Thơ', '0949668182', 'toannqce140110@fpt.edu.vn'),
(2, 'Pham Quoc Nghi', 4, 'Quai Vat', '2000-01-01 18:00:00', 'Cần Thơ', '0832629473', 'nghipqce140179@fpt.edu.vn'),
(3, 'Le Thanh Nhan', 1, 'Dep trai', '2000-07-18 17:00:00', 'Cần Thơ', '0587964355', 'nhanltce140044@fpt.edu.vn');

-- --------------------------------------------------------

--
-- Table structure for table `role`
--

CREATE TABLE `role` (
  `rId` int(11) NOT NULL,
  `rName` varchar(25) COLLATE utf8_vietnamese_ci NOT NULL,
  `rDescription` varchar(500) COLLATE utf8_vietnamese_ci DEFAULT NULL
) ENGINE=InnoDB DEFAULT CHARSET=utf8 COLLATE=utf8_vietnamese_ci;

--
-- Dumping data for table `role`
--

INSERT INTO `role` (`rId`, `rName`, `rDescription`) VALUES
(1, 'Dao dien', 'Dao dien phim '),
(2, 'Dien vien', 'Dien vien dong phim '),
(3, 'Bien dich', 'Dich phim ');

-- --------------------------------------------------------

--
-- Table structure for table `room`
--

CREATE TABLE `room` (
  `rId` int(11) NOT NULL,
  `seatNumber` int(11) NOT NULL,
  `size` int(11) NOT NULL,
  `rStatus` int(11) NOT NULL
) ENGINE=InnoDB DEFAULT CHARSET=utf8 COLLATE=utf8_vietnamese_ci;

--
-- Dumping data for table `room`
--

INSERT INTO `room` (`rId`, `seatNumber`, `size`, `rStatus`) VALUES
(1, 64, 100, 1),
(2, 64, 100, 1),
(3, 64, 100, 1),
(4, 64, 100, 1),
(5, 64, 100, 1);

-- --------------------------------------------------------

--
-- Table structure for table `roomseat`
--

CREATE TABLE `roomseat` (
  `seatId` int(11) NOT NULL,
  `rId` int(11) DEFAULT NULL,
  `seatName` varchar(5) COLLATE utf8_vietnamese_ci DEFAULT NULL
) ENGINE=InnoDB DEFAULT CHARSET=utf8 COLLATE=utf8_vietnamese_ci;

--
-- Dumping data for table `roomseat`
--

INSERT INTO `roomseat` (`seatId`, `rId`, `seatName`) VALUES
(1, 1, 'A1'),
(2, 1, 'A2'),
(3, 1, 'A3'),
(4, 1, 'A4'),
(5, 1, 'A5'),
(6, 1, 'A6'),
(7, 1, 'A7'),
(8, 1, 'A8'),
(9, 1, 'B1'),
(10, 1, 'B2'),
(11, 1, 'B3'),
(12, 1, 'B4'),
(13, 1, 'B5'),
(14, 1, 'B6'),
(15, 1, 'B7'),
(16, 1, 'B8'),
(17, 1, 'C1'),
(18, 1, 'C2'),
(19, 1, 'C3'),
(20, 1, 'C4'),
(21, 1, 'C5'),
(22, 1, 'C6'),
(23, 1, 'C7'),
(24, 1, 'C8'),
(25, 1, 'D1'),
(26, 1, 'D2'),
(27, 1, 'D3'),
(28, 1, 'D4'),
(29, 1, 'D5'),
(30, 1, 'D6'),
(31, 1, 'D7'),
(32, 1, 'D8'),
(33, 1, 'E1'),
(34, 1, 'E2'),
(35, 1, 'E3'),
(36, 1, 'E4'),
(37, 1, 'E5'),
(38, 1, 'E6'),
(39, 1, 'E7'),
(40, 1, 'E8'),
(41, 1, 'F1'),
(42, 1, 'F2'),
(43, 1, 'F3'),
(44, 1, 'F4'),
(45, 1, 'F5'),
(46, 1, 'F6'),
(47, 1, 'F7'),
(48, 1, 'F8'),
(49, 1, 'G1'),
(50, 1, 'G2'),
(51, 1, 'G3'),
(52, 1, 'G4'),
(53, 1, 'G5'),
(54, 1, 'G6'),
(55, 1, 'G7'),
(56, 1, 'G8'),
(57, 1, 'H1'),
(58, 1, 'H2'),
(59, 1, 'H3'),
(60, 1, 'H4'),
(61, 1, 'H5'),
(62, 1, 'H6'),
(63, 1, 'H7'),
(64, 1, 'H8'),
(65, 2, 'A1'),
(66, 2, 'A2'),
(67, 2, 'A3'),
(68, 2, 'A4'),
(69, 2, 'A5'),
(70, 2, 'A6'),
(71, 2, 'A7'),
(72, 2, 'A8'),
(73, 2, 'B1'),
(74, 2, 'B2'),
(75, 2, 'B3'),
(76, 2, 'B4'),
(77, 2, 'B5'),
(78, 2, 'B6'),
(79, 2, 'B7'),
(80, 2, 'B8'),
(81, 2, 'C1'),
(82, 2, 'C2'),
(83, 2, 'C3'),
(84, 2, 'C4'),
(85, 2, 'C5'),
(86, 2, 'C6'),
(87, 2, 'C7'),
(88, 2, 'C8'),
(89, 2, 'D1'),
(90, 2, 'D2'),
(91, 2, 'D3'),
(92, 2, 'D4'),
(93, 2, 'D5'),
(94, 2, 'D6'),
(95, 2, 'D7'),
(96, 2, 'D8'),
(97, 2, 'E1'),
(98, 2, 'E2'),
(99, 2, 'E3'),
(100, 2, 'E4'),
(101, 2, 'E5'),
(102, 2, 'E6'),
(103, 2, 'E7'),
(104, 2, 'E8'),
(105, 2, 'F1'),
(106, 2, 'F2'),
(107, 2, 'F3'),
(108, 2, 'F4'),
(109, 2, 'F5'),
(110, 2, 'F6'),
(111, 2, 'F7'),
(112, 2, 'F8'),
(113, 2, 'G1'),
(114, 2, 'G2'),
(115, 2, 'G3'),
(116, 2, 'G4'),
(117, 2, 'G5'),
(118, 2, 'G6'),
(119, 2, 'G7'),
(120, 2, 'G8'),
(121, 2, 'H1'),
(122, 2, 'H2'),
(123, 2, 'H3'),
(124, 2, 'H4'),
(125, 2, 'H5'),
(126, 2, 'H6'),
(127, 2, 'H7'),
(128, 2, 'H8'),
(129, 3, 'A1'),
(130, 3, 'A2'),
(131, 3, 'A3'),
(132, 3, 'A4'),
(133, 3, 'A5'),
(134, 3, 'A6'),
(135, 3, 'A7'),
(136, 3, 'A8'),
(137, 3, 'B1'),
(138, 3, 'B2'),
(139, 3, 'B3'),
(140, 3, 'B4'),
(141, 3, 'B5'),
(142, 3, 'B6'),
(143, 3, 'B7'),
(144, 3, 'B8'),
(145, 3, 'C1'),
(146, 3, 'C2'),
(147, 3, 'C3'),
(148, 3, 'C4'),
(149, 3, 'C5'),
(150, 3, 'C6'),
(151, 3, 'C7'),
(152, 3, 'C8'),
(153, 3, 'D1'),
(154, 3, 'D2'),
(155, 3, 'D3'),
(156, 3, 'D4'),
(157, 3, 'D5'),
(158, 3, 'D6'),
(159, 3, 'D7'),
(160, 3, 'D8'),
(161, 3, 'E1'),
(162, 3, 'E2'),
(163, 3, 'E3'),
(164, 3, 'E4'),
(165, 3, 'E5'),
(166, 3, 'E6'),
(167, 3, 'E7'),
(168, 3, 'E8'),
(169, 3, 'F1'),
(170, 3, 'F2'),
(171, 3, 'F3'),
(172, 3, 'F4'),
(173, 3, 'F5'),
(174, 3, 'F6'),
(175, 3, 'F7'),
(176, 3, 'F8'),
(177, 3, 'G1'),
(178, 3, 'G2'),
(179, 3, 'G3'),
(180, 3, 'G4'),
(181, 3, 'G5'),
(182, 3, 'G6'),
(183, 3, 'G7'),
(184, 3, 'G8'),
(185, 3, 'H1'),
(186, 3, 'H2'),
(187, 3, 'H3'),
(188, 3, 'H4'),
(189, 3, 'H5'),
(190, 3, 'H6'),
(191, 3, 'H7'),
(192, 3, 'H8'),
(193, 4, 'A1'),
(194, 4, 'A2'),
(195, 4, 'A3'),
(196, 4, 'A4'),
(197, 4, 'A5'),
(198, 4, 'A6'),
(199, 4, 'A7'),
(200, 4, 'A8'),
(201, 4, 'B1'),
(202, 4, 'B2'),
(203, 4, 'B3'),
(204, 4, 'B4'),
(205, 4, 'B5'),
(206, 4, 'B6'),
(207, 4, 'B7'),
(208, 4, 'B8'),
(209, 4, 'C1'),
(210, 4, 'C2'),
(211, 4, 'C3'),
(212, 4, 'C4'),
(213, 4, 'C5'),
(214, 4, 'C6'),
(215, 4, 'C7'),
(216, 4, 'C8'),
(217, 4, 'D1'),
(218, 4, 'D2'),
(219, 4, 'D3'),
(220, 4, 'D4'),
(221, 4, 'D5'),
(222, 4, 'D6'),
(223, 4, 'D7'),
(224, 4, 'D8'),
(225, 4, 'E1'),
(226, 4, 'E2'),
(227, 4, 'E3'),
(228, 4, 'E4'),
(229, 4, 'E5'),
(230, 4, 'E6'),
(231, 4, 'E7'),
(232, 4, 'E8'),
(233, 4, 'F1'),
(234, 4, 'F2'),
(235, 4, 'F3'),
(236, 4, 'F4'),
(237, 4, 'F5'),
(238, 4, 'F6'),
(239, 4, 'F7'),
(240, 4, 'F8'),
(241, 4, 'G1'),
(242, 4, 'G2'),
(243, 4, 'G3'),
(244, 4, 'G4'),
(245, 4, 'G5'),
(246, 4, 'G6'),
(247, 4, 'G7'),
(248, 4, 'G8'),
(249, 4, 'H1'),
(250, 4, 'H2'),
(251, 4, 'H3'),
(252, 4, 'H4'),
(253, 4, 'H5'),
(254, 4, 'H6'),
(255, 4, 'H7'),
(256, 4, 'H8'),
(257, 5, 'A1'),
(258, 5, 'A2'),
(259, 5, 'A3'),
(260, 5, 'A4'),
(261, 5, 'A5'),
(262, 5, 'A6'),
(263, 5, 'A7'),
(264, 5, 'A8'),
(265, 5, 'B1'),
(266, 5, 'B2'),
(267, 5, 'B3'),
(268, 5, 'B4'),
(269, 5, 'B5'),
(270, 5, 'B6'),
(271, 5, 'B7'),
(272, 5, 'B8'),
(273, 5, 'C1'),
(274, 5, 'C2'),
(275, 5, 'C3'),
(276, 5, 'C4'),
(277, 5, 'C5'),
(278, 5, 'C6'),
(279, 5, 'C7'),
(280, 5, 'C8'),
(281, 5, 'D1'),
(282, 5, 'D2'),
(283, 5, 'D3'),
(284, 5, 'D4'),
(285, 5, 'D5'),
(286, 5, 'D6'),
(287, 5, 'D7'),
(288, 5, 'D8'),
(289, 5, 'E1'),
(290, 5, 'E2'),
(291, 5, 'E3'),
(292, 5, 'E4'),
(293, 5, 'E5'),
(294, 5, 'E6'),
(295, 5, 'E7'),
(296, 5, 'E8'),
(297, 5, 'F1'),
(298, 5, 'F2'),
(299, 5, 'F3'),
(300, 5, 'F4'),
(301, 5, 'F5'),
(302, 5, 'F6'),
(303, 5, 'F7'),
(304, 5, 'F8'),
(305, 5, 'G1'),
(306, 5, 'G2'),
(307, 5, 'G3'),
(308, 5, 'G4'),
(309, 5, 'G5'),
(310, 5, 'G6'),
(311, 5, 'G7'),
(312, 5, 'G8'),
(313, 5, 'H1'),
(314, 5, 'H2'),
(315, 5, 'H3'),
(316, 5, 'H4'),
(317, 5, 'H5'),
(318, 5, 'H6'),
(319, 5, 'H7'),
(320, 5, 'H8');

-- --------------------------------------------------------

--
-- Table structure for table `schedule`
--

CREATE TABLE `schedule` (
  `scheId` int(11) NOT NULL,
  `sesId` int(11) DEFAULT NULL,
  `fmId` int(11) DEFAULT NULL,
  `status` int(11) NOT NULL,
  `fId` int(11) DEFAULT NULL,
  `rId` int(11) DEFAULT NULL,
  `sDate` date DEFAULT NULL
) ENGINE=InnoDB DEFAULT CHARSET=utf8 COLLATE=utf8_vietnamese_ci;

--
-- Dumping data for table `schedule`
--

INSERT INTO `schedule` (`scheId`, `sesId`, `fmId`, `status`, `fId`, `rId`, `sDate`) VALUES
(1, 6, 1, 1, 3, 1, '2020-07-24'),
(2, 2, 2, 1, 1, 2, '2020-07-24'),
(3, 3, 1, 1, 5, 1, '2020-07-25'),
(4, 4, 2, 1, 2, 2, '2020-07-26'),
(5, 5, 1, 1, 4, 2, '2020-07-27'),
(6, 7, 1, 1, 1, 1, '2020-07-30'),
(7, 8, 1, 1, 3, 2, '2020-07-30'),
(8, 9, 1, 1, 4, 3, '2020-07-30'),
(9, 10, 1, 1, 5, 4, '2020-07-30'),
(10, 9, 1, 1, 6, 5, '2020-07-30'),
(11, 11, 1, 1, 6, 1, '2020-07-24'),
(12, 12, 1, 1, 7, 2, '2020-07-30'),
(13, 13, 1, 1, 8, 3, '2020-07-30'),
(14, 14, 1, 1, 1, 4, '2020-07-30'),
(15, 15, 1, 1, 3, 5, '2020-07-30'),
(16, 16, 1, 1, 4, 1, '2020-07-30'),
(17, 17, 1, 1, 5, 4, '2020-07-30'),
(18, 18, 1, 1, 6, 2, '2020-07-30'),
(19, 17, 1, 1, 6, 5, '2020-07-30'),
(20, 3, 1, 1, 7, 3, '2020-07-30'),
(21, 3, 1, 1, 8, 3, '2020-07-30'),
(22, 4, 1, 1, 2, 1, '2020-07-29'),
(23, 19, 1, 1, 2, 4, '2020-07-29'),
(24, 20, 1, 1, 2, 1, '2020-07-30'),
(25, 21, 1, 1, 2, 5, '2020-07-30'),
(26, 22, 1, 1, 1, 1, '2020-07-31'),
(27, 23, 1, 1, 3, 2, '2020-07-31'),
(28, 23, 1, 1, 4, 3, '2020-07-31'),
(29, 22, 1, 1, 4, 3, '2020-07-31'),
(30, 22, 1, 1, 5, 4, '2020-07-31'),
(31, 22, 1, 1, 6, 5, '2020-07-31'),
(32, 24, 1, 1, 7, 1, '2020-07-31'),
(33, 24, 1, 1, 8, 2, '2020-07-31'),
(34, 24, 1, 1, 1, 3, '2020-07-31'),
(35, 25, 1, 1, 3, 1, '2020-07-24'),
(36, 26, 1, 1, 2, 1, '2020-07-24');

-- --------------------------------------------------------

--
-- Table structure for table `session`
--

CREATE TABLE `session` (
  `sesId` int(11) NOT NULL,
  `startTime` time NOT NULL,
  `endTime` time NOT NULL
) ENGINE=InnoDB DEFAULT CHARSET=utf8 COLLATE=utf8_vietnamese_ci;

--
-- Dumping data for table `session`
--

INSERT INTO `session` (`sesId`, `startTime`, `endTime`) VALUES
(1, '13:30:00', '15:30:00'),
(2, '15:50:00', '17:50:00'),
(3, '18:15:00', '20:15:00'),
(4, '20:30:00', '22:30:00'),
(5, '22:45:00', '00:45:00'),
(6, '08:30:00', '10:30:00'),
(7, '10:30:00', '12:15:00'),
(8, '22:30:00', '12:20:00'),
(9, '10:30:00', '12:30:00'),
(10, '10:30:00', '13:20:00'),
(11, '12:45:00', '14:00:00'),
(12, '12:45:00', '14:15:00'),
(13, '12:44:00', '14:00:00'),
(14, '20:45:00', '22:15:00'),
(15, '20:45:00', '22:45:00'),
(16, '20:45:00', '22:20:00'),
(17, '21:00:00', '23:00:00'),
(18, '21:00:00', '22:45:00'),
(19, '10:10:00', '12:10:00'),
(20, '15:15:00', '17:15:00'),
(21, '13:15:00', '15:15:00'),
(22, '08:15:00', '10:15:00'),
(23, '20:15:00', '22:15:00'),
(24, '11:00:00', '13:00:00'),
(25, '21:26:00', '22:23:00'),
(26, '22:26:00', '23:26:00');

-- --------------------------------------------------------

--
-- Table structure for table `staff`
--

CREATE TABLE `staff` (
  `sId` int(11) NOT NULL,
  `levelStaff` int(11) NOT NULL,
  `CMND` varchar(15) COLLATE utf8_vietnamese_ci NOT NULL
) ENGINE=InnoDB DEFAULT CHARSET=utf8 COLLATE=utf8_vietnamese_ci;

--
-- Dumping data for table `staff`
--

INSERT INTO `staff` (`sId`, `levelStaff`, `CMND`) VALUES
(1, 1, '');

-- --------------------------------------------------------

--
-- Table structure for table `ticket`
--

CREATE TABLE `ticket` (
  `tId` int(11) NOT NULL,
  `scheId` int(11) DEFAULT NULL,
  `seatId` int(11) DEFAULT NULL,
  `status` int(11) NOT NULL
) ENGINE=InnoDB DEFAULT CHARSET=utf8 COLLATE=utf8_vietnamese_ci;

--
-- Dumping data for table `ticket`
--

INSERT INTO `ticket` (`tId`, `scheId`, `seatId`, `status`) VALUES
(1, 1, 1, 0),
(2, 1, 2, 0),
(3, 1, 3, 0),
(4, 1, 4, 0),
(5, 1, 5, 0),
(6, 1, 6, 0),
(7, 1, 7, 0),
(8, 1, 8, 0),
(9, 1, 9, 0),
(10, 1, 10, 0),
(11, 1, 11, 0),
(12, 1, 12, 0),
(13, 1, 13, 0),
(14, 1, 14, 0),
(15, 1, 15, 0),
(16, 1, 16, 0),
(17, 1, 17, 0),
(18, 1, 18, 0),
(19, 1, 19, 0),
(20, 1, 20, 0),
(21, 1, 21, 1),
(22, 1, 22, 1),
(23, 1, 23, 0),
(24, 1, 24, 0),
(25, 1, 25, 0),
(26, 1, 26, 0),
(27, 1, 27, 0),
(28, 1, 28, 0),
(29, 1, 29, 0),
(30, 1, 30, 0),
(31, 1, 31, 0),
(32, 1, 32, 0),
(33, 1, 33, 0),
(34, 1, 34, 0),
(35, 1, 35, 0),
(36, 1, 36, 0),
(37, 1, 37, 0),
(38, 1, 38, 0),
(39, 1, 39, 0),
(40, 1, 40, 0),
(41, 1, 41, 0),
(42, 1, 42, 0),
(43, 1, 43, 0),
(44, 1, 44, 0),
(45, 1, 45, 0),
(46, 1, 46, 0),
(47, 1, 47, 0),
(48, 1, 48, 0),
(49, 1, 49, 0),
(50, 1, 50, 0),
(51, 1, 51, 0),
(52, 1, 52, 0),
(53, 1, 53, 0),
(54, 1, 54, 0),
(55, 1, 55, 0),
(56, 1, 56, 1),
(57, 1, 57, 0),
(58, 1, 58, 0),
(59, 1, 59, 0),
(60, 1, 60, 0),
(61, 1, 61, 0),
(62, 1, 62, 0),
(63, 1, 63, 0),
(64, 1, 64, 0),
(65, 2, 65, 0),
(66, 2, 66, 0),
(67, 2, 67, 0),
(68, 2, 68, 0),
(69, 2, 69, 0),
(70, 2, 70, 0),
(71, 2, 71, 0),
(72, 2, 72, 0),
(73, 2, 73, 0),
(74, 2, 74, 0),
(75, 2, 75, 0),
(76, 2, 76, 0),
(77, 2, 77, 0),
(78, 2, 78, 0),
(79, 2, 79, 0),
(80, 2, 80, 0),
(81, 2, 81, 0),
(82, 2, 82, 0),
(83, 2, 83, 0),
(84, 2, 84, 0),
(85, 2, 85, 0),
(86, 2, 86, 0),
(87, 2, 87, 0),
(88, 2, 88, 0),
(89, 2, 89, 0),
(90, 2, 90, 0),
(91, 2, 91, 0),
(92, 2, 92, 0),
(93, 2, 93, 0),
(94, 2, 94, 0),
(95, 2, 95, 0),
(96, 2, 96, 0),
(97, 2, 97, 0),
(98, 2, 98, 0),
(99, 2, 99, 0),
(100, 2, 100, 0),
(101, 2, 101, 0),
(102, 2, 102, 0),
(103, 2, 103, 0),
(104, 2, 104, 0),
(105, 2, 105, 0),
(106, 2, 106, 0),
(107, 2, 107, 0),
(108, 2, 108, 0),
(109, 2, 109, 0),
(110, 2, 110, 0),
(111, 2, 111, 0),
(112, 2, 112, 0),
(113, 2, 113, 0),
(114, 2, 114, 0),
(115, 2, 115, 0),
(116, 2, 116, 0),
(117, 2, 117, 0),
(118, 2, 118, 0),
(119, 2, 119, 0),
(120, 2, 120, 0),
(121, 2, 121, 0),
(122, 2, 122, 0),
(123, 2, 123, 0),
(124, 2, 124, 0),
(125, 2, 125, 0),
(126, 2, 126, 0),
(127, 2, 127, 0),
(128, 2, 128, 0),
(129, 6, 1, 0),
(130, 6, 2, 0),
(131, 6, 3, 0),
(132, 6, 4, 0),
(133, 6, 5, 0),
(134, 6, 6, 0),
(135, 6, 7, 0),
(136, 6, 8, 0),
(137, 6, 9, 0),
(138, 6, 10, 0),
(139, 6, 11, 0),
(140, 6, 12, 0),
(141, 6, 13, 0),
(142, 6, 14, 0),
(143, 6, 15, 0),
(144, 6, 16, 0),
(145, 6, 17, 0),
(146, 6, 18, 0),
(147, 6, 19, 0),
(148, 6, 20, 0),
(149, 6, 21, 0),
(150, 6, 22, 0),
(151, 6, 23, 0),
(152, 6, 24, 0),
(153, 6, 25, 0),
(154, 6, 26, 0),
(155, 6, 27, 0),
(156, 6, 28, 0),
(157, 6, 29, 0),
(158, 6, 30, 0),
(159, 6, 31, 0),
(160, 6, 32, 0),
(161, 6, 33, 0),
(162, 6, 34, 0),
(163, 6, 35, 0),
(164, 6, 36, 0),
(165, 6, 37, 0),
(166, 6, 38, 0),
(167, 6, 39, 0),
(168, 6, 40, 0),
(169, 6, 41, 0),
(170, 6, 42, 0),
(171, 6, 43, 0),
(172, 6, 44, 0),
(173, 6, 45, 0),
(174, 6, 46, 0),
(175, 6, 47, 0),
(176, 6, 48, 0),
(177, 6, 49, 0),
(178, 6, 50, 0),
(179, 6, 51, 0),
(180, 6, 52, 0),
(181, 6, 53, 0),
(182, 6, 54, 0),
(183, 6, 55, 0),
(184, 6, 56, 0),
(185, 6, 57, 0),
(186, 6, 58, 0),
(187, 6, 59, 0),
(188, 6, 60, 0),
(189, 6, 61, 0),
(190, 6, 62, 0),
(191, 6, 63, 0),
(192, 6, 64, 0),
(193, 7, 65, 0),
(194, 7, 66, 0),
(195, 7, 67, 0),
(196, 7, 68, 0),
(197, 7, 69, 0),
(198, 7, 70, 0),
(199, 7, 71, 0),
(200, 7, 72, 0),
(201, 7, 73, 0),
(202, 7, 74, 0),
(203, 7, 75, 0),
(204, 7, 76, 0),
(205, 7, 77, 0),
(206, 7, 78, 0),
(207, 7, 79, 0),
(208, 7, 80, 0),
(209, 7, 81, 0),
(210, 7, 82, 0),
(211, 7, 83, 0),
(212, 7, 84, 0),
(213, 7, 85, 0),
(214, 7, 86, 0),
(215, 7, 87, 0),
(216, 7, 88, 0),
(217, 7, 89, 0),
(218, 7, 90, 0),
(219, 7, 91, 0),
(220, 7, 92, 0),
(221, 7, 93, 0),
(222, 7, 94, 0),
(223, 7, 95, 0),
(224, 7, 96, 0),
(225, 7, 97, 0),
(226, 7, 98, 0),
(227, 7, 99, 0),
(228, 7, 100, 0),
(229, 7, 101, 0),
(230, 7, 102, 0),
(231, 7, 103, 0),
(232, 7, 104, 0),
(233, 7, 105, 0),
(234, 7, 106, 0),
(235, 7, 107, 0),
(236, 7, 108, 0),
(237, 7, 109, 0),
(238, 7, 110, 0),
(239, 7, 111, 0),
(240, 7, 112, 0),
(241, 7, 113, 0),
(242, 7, 114, 0),
(243, 7, 115, 0),
(244, 7, 116, 0),
(245, 7, 117, 0),
(246, 7, 118, 0),
(247, 7, 119, 0),
(248, 7, 120, 0),
(249, 7, 121, 0),
(250, 7, 122, 0),
(251, 7, 123, 0),
(252, 7, 124, 0),
(253, 7, 125, 0),
(254, 7, 126, 0),
(255, 7, 127, 0),
(256, 7, 128, 0),
(257, 8, 129, 0),
(258, 8, 130, 0),
(259, 8, 131, 0),
(260, 8, 132, 0),
(261, 8, 133, 0),
(262, 8, 134, 0),
(263, 8, 135, 0),
(264, 8, 136, 0),
(265, 8, 137, 0),
(266, 8, 138, 0),
(267, 8, 139, 0),
(268, 8, 140, 0),
(269, 8, 141, 0),
(270, 8, 142, 0),
(271, 8, 143, 0),
(272, 8, 144, 0),
(273, 8, 145, 0),
(274, 8, 146, 0),
(275, 8, 147, 0),
(276, 8, 148, 0),
(277, 8, 149, 0),
(278, 8, 150, 0),
(279, 8, 151, 0),
(280, 8, 152, 0),
(281, 8, 153, 0),
(282, 8, 154, 0),
(283, 8, 155, 0),
(284, 8, 156, 0),
(285, 8, 157, 0),
(286, 8, 158, 0),
(287, 8, 159, 0),
(288, 8, 160, 0),
(289, 8, 161, 0),
(290, 8, 162, 0),
(291, 8, 163, 0),
(292, 8, 164, 0),
(293, 8, 165, 0),
(294, 8, 166, 0),
(295, 8, 167, 0),
(296, 8, 168, 0),
(297, 8, 169, 0),
(298, 8, 170, 0),
(299, 8, 171, 0),
(300, 8, 172, 0),
(301, 8, 173, 0),
(302, 8, 174, 0),
(303, 8, 175, 0),
(304, 8, 176, 0),
(305, 8, 177, 0),
(306, 8, 178, 0),
(307, 8, 179, 0),
(308, 8, 180, 0),
(309, 8, 181, 0),
(310, 8, 182, 0),
(311, 8, 183, 0),
(312, 8, 184, 0),
(313, 8, 185, 0),
(314, 8, 186, 0),
(315, 8, 187, 0),
(316, 8, 188, 0),
(317, 8, 189, 0),
(318, 8, 190, 0),
(319, 8, 191, 0),
(320, 8, 192, 0),
(321, 9, 193, 0),
(322, 9, 194, 0),
(323, 9, 195, 0),
(324, 9, 196, 0),
(325, 9, 197, 0),
(326, 9, 198, 0),
(327, 9, 199, 0),
(328, 9, 200, 0),
(329, 9, 201, 0),
(330, 9, 202, 0),
(331, 9, 203, 0),
(332, 9, 204, 0),
(333, 9, 205, 0),
(334, 9, 206, 0),
(335, 9, 207, 0),
(336, 9, 208, 0),
(337, 9, 209, 0),
(338, 9, 210, 0),
(339, 9, 211, 0),
(340, 9, 212, 0),
(341, 9, 213, 0),
(342, 9, 214, 0),
(343, 9, 215, 0),
(344, 9, 216, 0),
(345, 9, 217, 0),
(346, 9, 218, 0),
(347, 9, 219, 0),
(348, 9, 220, 0),
(349, 9, 221, 0),
(350, 9, 222, 0),
(351, 9, 223, 0),
(352, 9, 224, 0),
(353, 9, 225, 0),
(354, 9, 226, 0),
(355, 9, 227, 0),
(356, 9, 228, 0),
(357, 9, 229, 0),
(358, 9, 230, 0),
(359, 9, 231, 0),
(360, 9, 232, 0),
(361, 9, 233, 0),
(362, 9, 234, 0),
(363, 9, 235, 0),
(364, 9, 236, 0),
(365, 9, 237, 0),
(366, 9, 238, 0),
(367, 9, 239, 0),
(368, 9, 240, 0),
(369, 9, 241, 0),
(370, 9, 242, 0),
(371, 9, 243, 0),
(372, 9, 244, 0),
(373, 9, 245, 0),
(374, 9, 246, 0),
(375, 9, 247, 0),
(376, 9, 248, 0),
(377, 9, 249, 0),
(378, 9, 250, 0),
(379, 9, 251, 0),
(380, 9, 252, 0),
(381, 9, 253, 0),
(382, 9, 254, 0),
(383, 9, 255, 0),
(384, 9, 256, 0),
(385, 10, 257, 0),
(386, 10, 258, 0),
(387, 10, 259, 0),
(388, 10, 260, 0),
(389, 10, 261, 0),
(390, 10, 262, 0),
(391, 10, 263, 0),
(392, 10, 264, 0),
(393, 10, 265, 0),
(394, 10, 266, 0),
(395, 10, 267, 0),
(396, 10, 268, 0),
(397, 10, 269, 0),
(398, 10, 270, 0),
(399, 10, 271, 0),
(400, 10, 272, 0),
(401, 10, 273, 0),
(402, 10, 274, 0),
(403, 10, 275, 0),
(404, 10, 276, 0),
(405, 10, 277, 0),
(406, 10, 278, 0),
(407, 10, 279, 0),
(408, 10, 280, 0),
(409, 10, 281, 0),
(410, 10, 282, 0),
(411, 10, 283, 0),
(412, 10, 284, 0),
(413, 10, 285, 0),
(414, 10, 286, 0),
(415, 10, 287, 0),
(416, 10, 288, 0),
(417, 10, 289, 0),
(418, 10, 290, 0),
(419, 10, 291, 0),
(420, 10, 292, 0),
(421, 10, 293, 0),
(422, 10, 294, 0),
(423, 10, 295, 0),
(424, 10, 296, 0),
(425, 10, 297, 0),
(426, 10, 298, 0),
(427, 10, 299, 0),
(428, 10, 300, 0),
(429, 10, 301, 0),
(430, 10, 302, 0),
(431, 10, 303, 0),
(432, 10, 304, 0),
(433, 10, 305, 0),
(434, 10, 306, 0),
(435, 10, 307, 0),
(436, 10, 308, 0),
(437, 10, 309, 0),
(438, 10, 310, 0),
(439, 10, 311, 0),
(440, 10, 312, 0),
(441, 10, 313, 0),
(442, 10, 314, 0),
(443, 10, 315, 0),
(444, 10, 316, 0),
(445, 10, 317, 0),
(446, 10, 318, 0),
(447, 10, 319, 0),
(448, 10, 320, 0),
(449, 11, 1, 0),
(450, 11, 2, 0),
(451, 11, 3, 0),
(452, 11, 4, 0),
(453, 11, 5, 0),
(454, 11, 6, 0),
(455, 11, 7, 0),
(456, 11, 8, 0),
(457, 11, 9, 0),
(458, 11, 10, 0),
(459, 11, 11, 0),
(460, 11, 12, 0),
(461, 11, 13, 0),
(462, 11, 14, 0),
(463, 11, 15, 0),
(464, 11, 16, 0),
(465, 11, 17, 0),
(466, 11, 18, 0),
(467, 11, 19, 0),
(468, 11, 20, 0),
(469, 11, 21, 0),
(470, 11, 22, 0),
(471, 11, 23, 0),
(472, 11, 24, 0),
(473, 11, 25, 0),
(474, 11, 26, 0),
(475, 11, 27, 0),
(476, 11, 28, 0),
(477, 11, 29, 0),
(478, 11, 30, 0),
(479, 11, 31, 0),
(480, 11, 32, 0),
(481, 11, 33, 0),
(482, 11, 34, 0),
(483, 11, 35, 0),
(484, 11, 36, 0),
(485, 11, 37, 0),
(486, 11, 38, 0),
(487, 11, 39, 0),
(488, 11, 40, 0),
(489, 11, 41, 0),
(490, 11, 42, 0),
(491, 11, 43, 0),
(492, 11, 44, 0),
(493, 11, 45, 0),
(494, 11, 46, 0),
(495, 11, 47, 0),
(496, 11, 48, 0),
(497, 11, 49, 0),
(498, 11, 50, 0),
(499, 11, 51, 0),
(500, 11, 52, 0),
(501, 11, 53, 0),
(502, 11, 54, 0),
(503, 11, 55, 0),
(504, 11, 56, 0),
(505, 11, 57, 0),
(506, 11, 58, 0),
(507, 11, 59, 0),
(508, 11, 60, 0),
(509, 11, 61, 0),
(510, 11, 62, 0),
(511, 11, 63, 0),
(512, 11, 64, 0),
(513, 12, 65, 0),
(514, 12, 66, 0),
(515, 12, 67, 0),
(516, 12, 68, 0),
(517, 12, 69, 0),
(518, 12, 70, 0),
(519, 12, 71, 0),
(520, 12, 72, 0),
(521, 12, 73, 0),
(522, 12, 74, 0),
(523, 12, 75, 0),
(524, 12, 76, 0),
(525, 12, 77, 0),
(526, 12, 78, 0),
(527, 12, 79, 0),
(528, 12, 80, 0),
(529, 12, 81, 0),
(530, 12, 82, 0),
(531, 12, 83, 0),
(532, 12, 84, 0),
(533, 12, 85, 0),
(534, 12, 86, 0),
(535, 12, 87, 0),
(536, 12, 88, 0),
(537, 12, 89, 0),
(538, 12, 90, 0),
(539, 12, 91, 0),
(540, 12, 92, 0),
(541, 12, 93, 0),
(542, 12, 94, 0),
(543, 12, 95, 0),
(544, 12, 96, 0),
(545, 12, 97, 0),
(546, 12, 98, 0),
(547, 12, 99, 0),
(548, 12, 100, 0),
(549, 12, 101, 0),
(550, 12, 102, 0),
(551, 12, 103, 0),
(552, 12, 104, 0),
(553, 12, 105, 0),
(554, 12, 106, 0),
(555, 12, 107, 0),
(556, 12, 108, 0),
(557, 12, 109, 0),
(558, 12, 110, 0),
(559, 12, 111, 0),
(560, 12, 112, 0),
(561, 12, 113, 0),
(562, 12, 114, 0),
(563, 12, 115, 0),
(564, 12, 116, 0),
(565, 12, 117, 0),
(566, 12, 118, 0),
(567, 12, 119, 0),
(568, 12, 120, 0),
(569, 12, 121, 0),
(570, 12, 122, 0),
(571, 12, 123, 0),
(572, 12, 124, 0),
(573, 12, 125, 0),
(574, 12, 126, 0),
(575, 12, 127, 0),
(576, 12, 128, 0),
(577, 13, 129, 0),
(578, 13, 130, 0),
(579, 13, 131, 0),
(580, 13, 132, 0),
(581, 13, 133, 0),
(582, 13, 134, 0),
(583, 13, 135, 0),
(584, 13, 136, 0),
(585, 13, 137, 0),
(586, 13, 138, 0),
(587, 13, 139, 0),
(588, 13, 140, 0),
(589, 13, 141, 0),
(590, 13, 142, 0),
(591, 13, 143, 0),
(592, 13, 144, 0),
(593, 13, 145, 0),
(594, 13, 146, 0),
(595, 13, 147, 0),
(596, 13, 148, 0),
(597, 13, 149, 0),
(598, 13, 150, 0),
(599, 13, 151, 0),
(600, 13, 152, 0),
(601, 13, 153, 0),
(602, 13, 154, 0),
(603, 13, 155, 0),
(604, 13, 156, 0),
(605, 13, 157, 0),
(606, 13, 158, 0),
(607, 13, 159, 0),
(608, 13, 160, 0),
(609, 13, 161, 0),
(610, 13, 162, 0),
(611, 13, 163, 0),
(612, 13, 164, 0),
(613, 13, 165, 0),
(614, 13, 166, 0),
(615, 13, 167, 0),
(616, 13, 168, 0),
(617, 13, 169, 0),
(618, 13, 170, 0),
(619, 13, 171, 0),
(620, 13, 172, 0),
(621, 13, 173, 0),
(622, 13, 174, 0),
(623, 13, 175, 0),
(624, 13, 176, 0),
(625, 13, 177, 0),
(626, 13, 178, 0),
(627, 13, 179, 0),
(628, 13, 180, 0),
(629, 13, 181, 0),
(630, 13, 182, 0),
(631, 13, 183, 0),
(632, 13, 184, 0),
(633, 13, 185, 0),
(634, 13, 186, 0),
(635, 13, 187, 0),
(636, 13, 188, 0),
(637, 13, 189, 0),
(638, 13, 190, 0),
(639, 13, 191, 0),
(640, 13, 192, 0),
(641, 14, 193, 0),
(642, 14, 194, 0),
(643, 14, 195, 0),
(644, 14, 196, 0),
(645, 14, 197, 0),
(646, 14, 198, 0),
(647, 14, 199, 0),
(648, 14, 200, 0),
(649, 14, 201, 0),
(650, 14, 202, 0),
(651, 14, 203, 0),
(652, 14, 204, 0),
(653, 14, 205, 0),
(654, 14, 206, 0),
(655, 14, 207, 0),
(656, 14, 208, 0),
(657, 14, 209, 0),
(658, 14, 210, 0),
(659, 14, 211, 0),
(660, 14, 212, 0),
(661, 14, 213, 0),
(662, 14, 214, 0),
(663, 14, 215, 0),
(664, 14, 216, 0),
(665, 14, 217, 0),
(666, 14, 218, 0),
(667, 14, 219, 0),
(668, 14, 220, 0),
(669, 14, 221, 0),
(670, 14, 222, 0),
(671, 14, 223, 0),
(672, 14, 224, 0),
(673, 14, 225, 0),
(674, 14, 226, 0),
(675, 14, 227, 0),
(676, 14, 228, 0),
(677, 14, 229, 0),
(678, 14, 230, 0),
(679, 14, 231, 0),
(680, 14, 232, 0),
(681, 14, 233, 0),
(682, 14, 234, 0),
(683, 14, 235, 0),
(684, 14, 236, 0),
(685, 14, 237, 0),
(686, 14, 238, 0),
(687, 14, 239, 0),
(688, 14, 240, 0),
(689, 14, 241, 0),
(690, 14, 242, 0),
(691, 14, 243, 0),
(692, 14, 244, 0),
(693, 14, 245, 0),
(694, 14, 246, 0),
(695, 14, 247, 0),
(696, 14, 248, 0),
(697, 14, 249, 0),
(698, 14, 250, 0),
(699, 14, 251, 0),
(700, 14, 252, 0),
(701, 14, 253, 0),
(702, 14, 254, 0),
(703, 14, 255, 0),
(704, 14, 256, 0),
(705, 15, 257, 0),
(706, 15, 258, 0),
(707, 15, 259, 0),
(708, 15, 260, 0),
(709, 15, 261, 0),
(710, 15, 262, 0),
(711, 15, 263, 0),
(712, 15, 264, 0),
(713, 15, 265, 0),
(714, 15, 266, 0),
(715, 15, 267, 0),
(716, 15, 268, 0),
(717, 15, 269, 0),
(718, 15, 270, 0),
(719, 15, 271, 0),
(720, 15, 272, 0),
(721, 15, 273, 0),
(722, 15, 274, 0),
(723, 15, 275, 0),
(724, 15, 276, 0),
(725, 15, 277, 0),
(726, 15, 278, 0),
(727, 15, 279, 0),
(728, 15, 280, 0),
(729, 15, 281, 0),
(730, 15, 282, 0),
(731, 15, 283, 0),
(732, 15, 284, 0),
(733, 15, 285, 0),
(734, 15, 286, 0),
(735, 15, 287, 0),
(736, 15, 288, 0),
(737, 15, 289, 0),
(738, 15, 290, 0),
(739, 15, 291, 0),
(740, 15, 292, 0),
(741, 15, 293, 0),
(742, 15, 294, 0),
(743, 15, 295, 0),
(744, 15, 296, 0),
(745, 15, 297, 0),
(746, 15, 298, 0),
(747, 15, 299, 0),
(748, 15, 300, 0),
(749, 15, 301, 0),
(750, 15, 302, 0),
(751, 15, 303, 0),
(752, 15, 304, 0),
(753, 15, 305, 0),
(754, 15, 306, 0),
(755, 15, 307, 0),
(756, 15, 308, 0),
(757, 15, 309, 0),
(758, 15, 310, 0),
(759, 15, 311, 0),
(760, 15, 312, 0),
(761, 15, 313, 0),
(762, 15, 314, 0),
(763, 15, 315, 0),
(764, 15, 316, 0),
(765, 15, 317, 0),
(766, 15, 318, 0),
(767, 15, 319, 0),
(768, 15, 320, 0),
(769, 16, 1, 0),
(770, 16, 2, 0),
(771, 16, 3, 0),
(772, 16, 4, 0),
(773, 16, 5, 0),
(774, 16, 6, 0),
(775, 16, 7, 0),
(776, 16, 8, 0),
(777, 16, 9, 0),
(778, 16, 10, 0),
(779, 16, 11, 0),
(780, 16, 12, 0),
(781, 16, 13, 0),
(782, 16, 14, 0),
(783, 16, 15, 0),
(784, 16, 16, 0),
(785, 16, 17, 0),
(786, 16, 18, 0),
(787, 16, 19, 0),
(788, 16, 20, 0),
(789, 16, 21, 0),
(790, 16, 22, 0),
(791, 16, 23, 0),
(792, 16, 24, 0),
(793, 16, 25, 0),
(794, 16, 26, 0),
(795, 16, 27, 0),
(796, 16, 28, 0),
(797, 16, 29, 0),
(798, 16, 30, 0),
(799, 16, 31, 0),
(800, 16, 32, 0),
(801, 16, 33, 0),
(802, 16, 34, 0),
(803, 16, 35, 0),
(804, 16, 36, 0),
(805, 16, 37, 0),
(806, 16, 38, 0),
(807, 16, 39, 0),
(808, 16, 40, 0),
(809, 16, 41, 0),
(810, 16, 42, 0),
(811, 16, 43, 0),
(812, 16, 44, 0),
(813, 16, 45, 0),
(814, 16, 46, 0),
(815, 16, 47, 0),
(816, 16, 48, 0),
(817, 16, 49, 0),
(818, 16, 50, 0),
(819, 16, 51, 0),
(820, 16, 52, 0),
(821, 16, 53, 0),
(822, 16, 54, 0),
(823, 16, 55, 0),
(824, 16, 56, 0),
(825, 16, 57, 0),
(826, 16, 58, 0),
(827, 16, 59, 0),
(828, 16, 60, 0),
(829, 16, 61, 0),
(830, 16, 62, 0),
(831, 16, 63, 0),
(832, 16, 64, 0),
(833, 17, 193, 0),
(834, 17, 194, 0),
(835, 17, 195, 0),
(836, 17, 196, 0),
(837, 17, 197, 0),
(838, 17, 198, 0),
(839, 17, 199, 0),
(840, 17, 200, 0),
(841, 17, 201, 0),
(842, 17, 202, 0),
(843, 17, 203, 0),
(844, 17, 204, 0),
(845, 17, 205, 0),
(846, 17, 206, 0),
(847, 17, 207, 0),
(848, 17, 208, 0),
(849, 17, 209, 0),
(850, 17, 210, 0),
(851, 17, 211, 0),
(852, 17, 212, 0),
(853, 17, 213, 0),
(854, 17, 214, 0),
(855, 17, 215, 0),
(856, 17, 216, 0),
(857, 17, 217, 0),
(858, 17, 218, 0),
(859, 17, 219, 0),
(860, 17, 220, 0),
(861, 17, 221, 0),
(862, 17, 222, 0),
(863, 17, 223, 0),
(864, 17, 224, 0),
(865, 17, 225, 0),
(866, 17, 226, 0),
(867, 17, 227, 0),
(868, 17, 228, 0),
(869, 17, 229, 0),
(870, 17, 230, 0),
(871, 17, 231, 0),
(872, 17, 232, 0),
(873, 17, 233, 0),
(874, 17, 234, 0),
(875, 17, 235, 0),
(876, 17, 236, 0),
(877, 17, 237, 0),
(878, 17, 238, 0),
(879, 17, 239, 0),
(880, 17, 240, 0),
(881, 17, 241, 0),
(882, 17, 242, 0),
(883, 17, 243, 0),
(884, 17, 244, 0),
(885, 17, 245, 0),
(886, 17, 246, 0),
(887, 17, 247, 0),
(888, 17, 248, 0),
(889, 17, 249, 0),
(890, 17, 250, 0),
(891, 17, 251, 0),
(892, 17, 252, 0),
(893, 17, 253, 0),
(894, 17, 254, 0),
(895, 17, 255, 0),
(896, 17, 256, 0),
(897, 18, 65, 0),
(898, 18, 66, 0),
(899, 18, 67, 0),
(900, 18, 68, 0),
(901, 18, 69, 0),
(902, 18, 70, 0),
(903, 18, 71, 0),
(904, 18, 72, 0),
(905, 18, 73, 0),
(906, 18, 74, 0),
(907, 18, 75, 0),
(908, 18, 76, 0),
(909, 18, 77, 0),
(910, 18, 78, 0),
(911, 18, 79, 0),
(912, 18, 80, 0),
(913, 18, 81, 0),
(914, 18, 82, 0),
(915, 18, 83, 0),
(916, 18, 84, 0),
(917, 18, 85, 0),
(918, 18, 86, 0),
(919, 18, 87, 0),
(920, 18, 88, 0),
(921, 18, 89, 0),
(922, 18, 90, 0),
(923, 18, 91, 0),
(924, 18, 92, 0),
(925, 18, 93, 0),
(926, 18, 94, 0),
(927, 18, 95, 0),
(928, 18, 96, 0),
(929, 18, 97, 0),
(930, 18, 98, 0),
(931, 18, 99, 0),
(932, 18, 100, 0),
(933, 18, 101, 0),
(934, 18, 102, 0),
(935, 18, 103, 0),
(936, 18, 104, 0),
(937, 18, 105, 0),
(938, 18, 106, 0),
(939, 18, 107, 0),
(940, 18, 108, 0),
(941, 18, 109, 0),
(942, 18, 110, 0),
(943, 18, 111, 0),
(944, 18, 112, 0),
(945, 18, 113, 0),
(946, 18, 114, 0),
(947, 18, 115, 0),
(948, 18, 116, 0),
(949, 18, 117, 0),
(950, 18, 118, 0),
(951, 18, 119, 0),
(952, 18, 120, 0),
(953, 18, 121, 0),
(954, 18, 122, 0),
(955, 18, 123, 0),
(956, 18, 124, 0),
(957, 18, 125, 0),
(958, 18, 126, 0),
(959, 18, 127, 0),
(960, 18, 128, 0),
(961, 19, 257, 0),
(962, 19, 258, 0),
(963, 19, 259, 0),
(964, 19, 260, 0),
(965, 19, 261, 0),
(966, 19, 262, 0),
(967, 19, 263, 0),
(968, 19, 264, 0),
(969, 19, 265, 0),
(970, 19, 266, 0),
(971, 19, 267, 0),
(972, 19, 268, 0),
(973, 19, 269, 0),
(974, 19, 270, 0),
(975, 19, 271, 0),
(976, 19, 272, 0),
(977, 19, 273, 0),
(978, 19, 274, 0),
(979, 19, 275, 0),
(980, 19, 276, 0),
(981, 19, 277, 0),
(982, 19, 278, 0),
(983, 19, 279, 0),
(984, 19, 280, 0),
(985, 19, 281, 0),
(986, 19, 282, 0),
(987, 19, 283, 0),
(988, 19, 284, 0),
(989, 19, 285, 0),
(990, 19, 286, 0),
(991, 19, 287, 0),
(992, 19, 288, 0),
(993, 19, 289, 0),
(994, 19, 290, 0),
(995, 19, 291, 0),
(996, 19, 292, 0),
(997, 19, 293, 0),
(998, 19, 294, 0),
(999, 19, 295, 0),
(1000, 19, 296, 0),
(1001, 19, 297, 0),
(1002, 19, 298, 0),
(1003, 19, 299, 0),
(1004, 19, 300, 0),
(1005, 19, 301, 0),
(1006, 19, 302, 0),
(1007, 19, 303, 0),
(1008, 19, 304, 0),
(1009, 19, 305, 0),
(1010, 19, 306, 0),
(1011, 19, 307, 0),
(1012, 19, 308, 0),
(1013, 19, 309, 0),
(1014, 19, 310, 0),
(1015, 19, 311, 0),
(1016, 19, 312, 0),
(1017, 19, 313, 0),
(1018, 19, 314, 0),
(1019, 19, 315, 0),
(1020, 19, 316, 0),
(1021, 19, 317, 0),
(1022, 19, 318, 0),
(1023, 19, 319, 0),
(1024, 19, 320, 0),
(1025, 20, 129, 0),
(1026, 20, 130, 0),
(1027, 20, 131, 0),
(1028, 20, 132, 0),
(1029, 20, 133, 0),
(1030, 20, 134, 0),
(1031, 20, 135, 0),
(1032, 20, 136, 0),
(1033, 20, 137, 0),
(1034, 20, 138, 0),
(1035, 20, 139, 0),
(1036, 20, 140, 0),
(1037, 20, 141, 0),
(1038, 20, 142, 0),
(1039, 20, 143, 0),
(1040, 20, 144, 0),
(1041, 20, 145, 0),
(1042, 20, 146, 0),
(1043, 20, 147, 0),
(1044, 20, 148, 0),
(1045, 20, 149, 0),
(1046, 20, 150, 0),
(1047, 20, 151, 0),
(1048, 20, 152, 0),
(1049, 20, 153, 0),
(1050, 20, 154, 0),
(1051, 20, 155, 0),
(1052, 20, 156, 0),
(1053, 20, 157, 0),
(1054, 20, 158, 0),
(1055, 20, 159, 0),
(1056, 20, 160, 0),
(1057, 20, 161, 0),
(1058, 20, 162, 0),
(1059, 20, 163, 0),
(1060, 20, 164, 0),
(1061, 20, 165, 0),
(1062, 20, 166, 0),
(1063, 20, 167, 0),
(1064, 20, 168, 0),
(1065, 20, 169, 0),
(1066, 20, 170, 0),
(1067, 20, 171, 0),
(1068, 20, 172, 0),
(1069, 20, 173, 0),
(1070, 20, 174, 0),
(1071, 20, 175, 0),
(1072, 20, 176, 0),
(1073, 20, 177, 0),
(1074, 20, 178, 0),
(1075, 20, 179, 0),
(1076, 20, 180, 0),
(1077, 20, 181, 0),
(1078, 20, 182, 0),
(1079, 20, 183, 0),
(1080, 20, 184, 0),
(1081, 20, 185, 0),
(1082, 20, 186, 0),
(1083, 20, 187, 0),
(1084, 20, 188, 0),
(1085, 20, 189, 0),
(1086, 20, 190, 0),
(1087, 20, 191, 0),
(1088, 20, 192, 0),
(1089, 21, 129, 0),
(1090, 21, 130, 0),
(1091, 21, 131, 0),
(1092, 21, 132, 0),
(1093, 21, 133, 0),
(1094, 21, 134, 0),
(1095, 21, 135, 0),
(1096, 21, 136, 0),
(1097, 21, 137, 0),
(1098, 21, 138, 0),
(1099, 21, 139, 0),
(1100, 21, 140, 0),
(1101, 21, 141, 0),
(1102, 21, 142, 0),
(1103, 21, 143, 0),
(1104, 21, 144, 0),
(1105, 21, 145, 0),
(1106, 21, 146, 0),
(1107, 21, 147, 0),
(1108, 21, 148, 0),
(1109, 21, 149, 0),
(1110, 21, 150, 0),
(1111, 21, 151, 0),
(1112, 21, 152, 0),
(1113, 21, 153, 0),
(1114, 21, 154, 0),
(1115, 21, 155, 0),
(1116, 21, 156, 0),
(1117, 21, 157, 0),
(1118, 21, 158, 0),
(1119, 21, 159, 0),
(1120, 21, 160, 0),
(1121, 21, 161, 0),
(1122, 21, 162, 0),
(1123, 21, 163, 0),
(1124, 21, 164, 0),
(1125, 21, 165, 0),
(1126, 21, 166, 0),
(1127, 21, 167, 0),
(1128, 21, 168, 0),
(1129, 21, 169, 0),
(1130, 21, 170, 0),
(1131, 21, 171, 0),
(1132, 21, 172, 0),
(1133, 21, 173, 0),
(1134, 21, 174, 0),
(1135, 21, 175, 0),
(1136, 21, 176, 0),
(1137, 21, 177, 0),
(1138, 21, 178, 0),
(1139, 21, 179, 0),
(1140, 21, 180, 0),
(1141, 21, 181, 0),
(1142, 21, 182, 0),
(1143, 21, 183, 0),
(1144, 21, 184, 0),
(1145, 21, 185, 0),
(1146, 21, 186, 0),
(1147, 21, 187, 0),
(1148, 21, 188, 0),
(1149, 21, 189, 0),
(1150, 21, 190, 0),
(1151, 21, 191, 0),
(1152, 21, 192, 0),
(1153, 22, 1, 0),
(1154, 22, 2, 0),
(1155, 22, 3, 0),
(1156, 22, 4, 0),
(1157, 22, 5, 0),
(1158, 22, 6, 0),
(1159, 22, 7, 0),
(1160, 22, 8, 0),
(1161, 22, 9, 0),
(1162, 22, 10, 0),
(1163, 22, 11, 0),
(1164, 22, 12, 0),
(1165, 22, 13, 0),
(1166, 22, 14, 0),
(1167, 22, 15, 0),
(1168, 22, 16, 0),
(1169, 22, 17, 0),
(1170, 22, 18, 0),
(1171, 22, 19, 0),
(1172, 22, 20, 0),
(1173, 22, 21, 0),
(1174, 22, 22, 0),
(1175, 22, 23, 0),
(1176, 22, 24, 0),
(1177, 22, 25, 0),
(1178, 22, 26, 0),
(1179, 22, 27, 0),
(1180, 22, 28, 0),
(1181, 22, 29, 0),
(1182, 22, 30, 0),
(1183, 22, 31, 0),
(1184, 22, 32, 0),
(1185, 22, 33, 0),
(1186, 22, 34, 0),
(1187, 22, 35, 0),
(1188, 22, 36, 0),
(1189, 22, 37, 0),
(1190, 22, 38, 0),
(1191, 22, 39, 0),
(1192, 22, 40, 0),
(1193, 22, 41, 0),
(1194, 22, 42, 0),
(1195, 22, 43, 0),
(1196, 22, 44, 0),
(1197, 22, 45, 0),
(1198, 22, 46, 0),
(1199, 22, 47, 0),
(1200, 22, 48, 0),
(1201, 22, 49, 0),
(1202, 22, 50, 0),
(1203, 22, 51, 0),
(1204, 22, 52, 0),
(1205, 22, 53, 0),
(1206, 22, 54, 0),
(1207, 22, 55, 0),
(1208, 22, 56, 0),
(1209, 22, 57, 0),
(1210, 22, 58, 0),
(1211, 22, 59, 0),
(1212, 22, 60, 0),
(1213, 22, 61, 0),
(1214, 22, 62, 0),
(1215, 22, 63, 0),
(1216, 22, 64, 0),
(1217, 23, 193, 0),
(1218, 23, 194, 0),
(1219, 23, 195, 0),
(1220, 23, 196, 0),
(1221, 23, 197, 0),
(1222, 23, 198, 0),
(1223, 23, 199, 0),
(1224, 23, 200, 0),
(1225, 23, 201, 0),
(1226, 23, 202, 0),
(1227, 23, 203, 0),
(1228, 23, 204, 0),
(1229, 23, 205, 0),
(1230, 23, 206, 0),
(1231, 23, 207, 0),
(1232, 23, 208, 0),
(1233, 23, 209, 0),
(1234, 23, 210, 0),
(1235, 23, 211, 0),
(1236, 23, 212, 0),
(1237, 23, 213, 0),
(1238, 23, 214, 0),
(1239, 23, 215, 0),
(1240, 23, 216, 0),
(1241, 23, 217, 0),
(1242, 23, 218, 0),
(1243, 23, 219, 0),
(1244, 23, 220, 0),
(1245, 23, 221, 0),
(1246, 23, 222, 0),
(1247, 23, 223, 0),
(1248, 23, 224, 0),
(1249, 23, 225, 0),
(1250, 23, 226, 0),
(1251, 23, 227, 0),
(1252, 23, 228, 0),
(1253, 23, 229, 0),
(1254, 23, 230, 0),
(1255, 23, 231, 0),
(1256, 23, 232, 0),
(1257, 23, 233, 0),
(1258, 23, 234, 0),
(1259, 23, 235, 0),
(1260, 23, 236, 0),
(1261, 23, 237, 0),
(1262, 23, 238, 0),
(1263, 23, 239, 0),
(1264, 23, 240, 0),
(1265, 23, 241, 0),
(1266, 23, 242, 0),
(1267, 23, 243, 0),
(1268, 23, 244, 0),
(1269, 23, 245, 0),
(1270, 23, 246, 0),
(1271, 23, 247, 0),
(1272, 23, 248, 0),
(1273, 23, 249, 0),
(1274, 23, 250, 0),
(1275, 23, 251, 0),
(1276, 23, 252, 0),
(1277, 23, 253, 0),
(1278, 23, 254, 0),
(1279, 23, 255, 0),
(1280, 23, 256, 0),
(1281, 24, 1, 0),
(1282, 24, 2, 0),
(1283, 24, 3, 0),
(1284, 24, 4, 0),
(1285, 24, 5, 0),
(1286, 24, 6, 0),
(1287, 24, 7, 0),
(1288, 24, 8, 0),
(1289, 24, 9, 0),
(1290, 24, 10, 0),
(1291, 24, 11, 0),
(1292, 24, 12, 0),
(1293, 24, 13, 0),
(1294, 24, 14, 0),
(1295, 24, 15, 0),
(1296, 24, 16, 0),
(1297, 24, 17, 0),
(1298, 24, 18, 0),
(1299, 24, 19, 0),
(1300, 24, 20, 0),
(1301, 24, 21, 0),
(1302, 24, 22, 0),
(1303, 24, 23, 0),
(1304, 24, 24, 0),
(1305, 24, 25, 0),
(1306, 24, 26, 0),
(1307, 24, 27, 0),
(1308, 24, 28, 0),
(1309, 24, 29, 0),
(1310, 24, 30, 0),
(1311, 24, 31, 0),
(1312, 24, 32, 0),
(1313, 24, 33, 0),
(1314, 24, 34, 0),
(1315, 24, 35, 0),
(1316, 24, 36, 0),
(1317, 24, 37, 0),
(1318, 24, 38, 0),
(1319, 24, 39, 0),
(1320, 24, 40, 0),
(1321, 24, 41, 0),
(1322, 24, 42, 0),
(1323, 24, 43, 0),
(1324, 24, 44, 0),
(1325, 24, 45, 0),
(1326, 24, 46, 0),
(1327, 24, 47, 0),
(1328, 24, 48, 0),
(1329, 24, 49, 0),
(1330, 24, 50, 0),
(1331, 24, 51, 0),
(1332, 24, 52, 0),
(1333, 24, 53, 0),
(1334, 24, 54, 0),
(1335, 24, 55, 0),
(1336, 24, 56, 0),
(1337, 24, 57, 0),
(1338, 24, 58, 0),
(1339, 24, 59, 0),
(1340, 24, 60, 0),
(1341, 24, 61, 0),
(1342, 24, 62, 0),
(1343, 24, 63, 0),
(1344, 24, 64, 0),
(1345, 25, 257, 0),
(1346, 25, 258, 0),
(1347, 25, 259, 0),
(1348, 25, 260, 0),
(1349, 25, 261, 0),
(1350, 25, 262, 0),
(1351, 25, 263, 0),
(1352, 25, 264, 0),
(1353, 25, 265, 0),
(1354, 25, 266, 0),
(1355, 25, 267, 0),
(1356, 25, 268, 0),
(1357, 25, 269, 0),
(1358, 25, 270, 0),
(1359, 25, 271, 0),
(1360, 25, 272, 0),
(1361, 25, 273, 0),
(1362, 25, 274, 0),
(1363, 25, 275, 0),
(1364, 25, 276, 0),
(1365, 25, 277, 0),
(1366, 25, 278, 0),
(1367, 25, 279, 0),
(1368, 25, 280, 0),
(1369, 25, 281, 0),
(1370, 25, 282, 0),
(1371, 25, 283, 0),
(1372, 25, 284, 0),
(1373, 25, 285, 0),
(1374, 25, 286, 0),
(1375, 25, 287, 0),
(1376, 25, 288, 0),
(1377, 25, 289, 0),
(1378, 25, 290, 0),
(1379, 25, 291, 0),
(1380, 25, 292, 0),
(1381, 25, 293, 0),
(1382, 25, 294, 0),
(1383, 25, 295, 0),
(1384, 25, 296, 0),
(1385, 25, 297, 0),
(1386, 25, 298, 0),
(1387, 25, 299, 0),
(1388, 25, 300, 0),
(1389, 25, 301, 0),
(1390, 25, 302, 0),
(1391, 25, 303, 0),
(1392, 25, 304, 0),
(1393, 25, 305, 0),
(1394, 25, 306, 0),
(1395, 25, 307, 0),
(1396, 25, 308, 0),
(1397, 25, 309, 0),
(1398, 25, 310, 0),
(1399, 25, 311, 0),
(1400, 25, 312, 0),
(1401, 25, 313, 0),
(1402, 25, 314, 0),
(1403, 25, 315, 0),
(1404, 25, 316, 0),
(1405, 25, 317, 0),
(1406, 25, 318, 0),
(1407, 25, 319, 0),
(1408, 25, 320, 0),
(1409, 26, 1, 0),
(1410, 26, 2, 0),
(1411, 26, 3, 0),
(1412, 26, 4, 0),
(1413, 26, 5, 0),
(1414, 26, 6, 0),
(1415, 26, 7, 0),
(1416, 26, 8, 0),
(1417, 26, 9, 0),
(1418, 26, 10, 0),
(1419, 26, 11, 0),
(1420, 26, 12, 0),
(1421, 26, 13, 0),
(1422, 26, 14, 0),
(1423, 26, 15, 0),
(1424, 26, 16, 0),
(1425, 26, 17, 0),
(1426, 26, 18, 0),
(1427, 26, 19, 0),
(1428, 26, 20, 0),
(1429, 26, 21, 0),
(1430, 26, 22, 0),
(1431, 26, 23, 0),
(1432, 26, 24, 0),
(1433, 26, 25, 0),
(1434, 26, 26, 0),
(1435, 26, 27, 0),
(1436, 26, 28, 0),
(1437, 26, 29, 0),
(1438, 26, 30, 0),
(1439, 26, 31, 0),
(1440, 26, 32, 0),
(1441, 26, 33, 0),
(1442, 26, 34, 0),
(1443, 26, 35, 0),
(1444, 26, 36, 0),
(1445, 26, 37, 0),
(1446, 26, 38, 0),
(1447, 26, 39, 0),
(1448, 26, 40, 0),
(1449, 26, 41, 0),
(1450, 26, 42, 0),
(1451, 26, 43, 0),
(1452, 26, 44, 0),
(1453, 26, 45, 0),
(1454, 26, 46, 0),
(1455, 26, 47, 0),
(1456, 26, 48, 0),
(1457, 26, 49, 0),
(1458, 26, 50, 0),
(1459, 26, 51, 0),
(1460, 26, 52, 0),
(1461, 26, 53, 0),
(1462, 26, 54, 0),
(1463, 26, 55, 0),
(1464, 26, 56, 0),
(1465, 26, 57, 0),
(1466, 26, 58, 0),
(1467, 26, 59, 0),
(1468, 26, 60, 0),
(1469, 26, 61, 0),
(1470, 26, 62, 0),
(1471, 26, 63, 0),
(1472, 26, 64, 0),
(1473, 27, 65, 0),
(1474, 27, 66, 0),
(1475, 27, 67, 0),
(1476, 27, 68, 0),
(1477, 27, 69, 0),
(1478, 27, 70, 0),
(1479, 27, 71, 0),
(1480, 27, 72, 0),
(1481, 27, 73, 0),
(1482, 27, 74, 0),
(1483, 27, 75, 0),
(1484, 27, 76, 0),
(1485, 27, 77, 0),
(1486, 27, 78, 0),
(1487, 27, 79, 0),
(1488, 27, 80, 0),
(1489, 27, 81, 0),
(1490, 27, 82, 0),
(1491, 27, 83, 0),
(1492, 27, 84, 0),
(1493, 27, 85, 0),
(1494, 27, 86, 0),
(1495, 27, 87, 0),
(1496, 27, 88, 0),
(1497, 27, 89, 0),
(1498, 27, 90, 0),
(1499, 27, 91, 0),
(1500, 27, 92, 0),
(1501, 27, 93, 0),
(1502, 27, 94, 0),
(1503, 27, 95, 0),
(1504, 27, 96, 0),
(1505, 27, 97, 0),
(1506, 27, 98, 0),
(1507, 27, 99, 0),
(1508, 27, 100, 0),
(1509, 27, 101, 0),
(1510, 27, 102, 0),
(1511, 27, 103, 0),
(1512, 27, 104, 0),
(1513, 27, 105, 0),
(1514, 27, 106, 0),
(1515, 27, 107, 0),
(1516, 27, 108, 0),
(1517, 27, 109, 0),
(1518, 27, 110, 0),
(1519, 27, 111, 0),
(1520, 27, 112, 0),
(1521, 27, 113, 0),
(1522, 27, 114, 0),
(1523, 27, 115, 0),
(1524, 27, 116, 0),
(1525, 27, 117, 0),
(1526, 27, 118, 0),
(1527, 27, 119, 0),
(1528, 27, 120, 0),
(1529, 27, 121, 0),
(1530, 27, 122, 0),
(1531, 27, 123, 0),
(1532, 27, 124, 0),
(1533, 27, 125, 0),
(1534, 27, 126, 0),
(1535, 27, 127, 0),
(1536, 27, 128, 0),
(1537, 28, 129, 0),
(1538, 28, 130, 0),
(1539, 28, 131, 0),
(1540, 28, 132, 0),
(1541, 28, 133, 0),
(1542, 28, 134, 0),
(1543, 28, 135, 0),
(1544, 28, 136, 0),
(1545, 28, 137, 0),
(1546, 28, 138, 0),
(1547, 28, 139, 0),
(1548, 28, 140, 0),
(1549, 28, 141, 0),
(1550, 28, 142, 0),
(1551, 28, 143, 0),
(1552, 28, 144, 0),
(1553, 28, 145, 0),
(1554, 28, 146, 0),
(1555, 28, 147, 0),
(1556, 28, 148, 0),
(1557, 28, 149, 0),
(1558, 28, 150, 0),
(1559, 28, 151, 0),
(1560, 28, 152, 0),
(1561, 28, 153, 0),
(1562, 28, 154, 0),
(1563, 28, 155, 0),
(1564, 28, 156, 0),
(1565, 28, 157, 0),
(1566, 28, 158, 0),
(1567, 28, 159, 0),
(1568, 28, 160, 0),
(1569, 28, 161, 0),
(1570, 28, 162, 0),
(1571, 28, 163, 0),
(1572, 28, 164, 0),
(1573, 28, 165, 0),
(1574, 28, 166, 0),
(1575, 28, 167, 0),
(1576, 28, 168, 0),
(1577, 28, 169, 0),
(1578, 28, 170, 0),
(1579, 28, 171, 0),
(1580, 28, 172, 0),
(1581, 28, 173, 0),
(1582, 28, 174, 0),
(1583, 28, 175, 0),
(1584, 28, 176, 0),
(1585, 28, 177, 0),
(1586, 28, 178, 0),
(1587, 28, 179, 0),
(1588, 28, 180, 0),
(1589, 28, 181, 0),
(1590, 28, 182, 0),
(1591, 28, 183, 0),
(1592, 28, 184, 0),
(1593, 28, 185, 0),
(1594, 28, 186, 0),
(1595, 28, 187, 0),
(1596, 28, 188, 0),
(1597, 28, 189, 0),
(1598, 28, 190, 0),
(1599, 28, 191, 0),
(1600, 28, 192, 0),
(1601, 29, 129, 0),
(1602, 29, 130, 0),
(1603, 29, 131, 0),
(1604, 29, 132, 0),
(1605, 29, 133, 0),
(1606, 29, 134, 0),
(1607, 29, 135, 0),
(1608, 29, 136, 0),
(1609, 29, 137, 0),
(1610, 29, 138, 0),
(1611, 29, 139, 0),
(1612, 29, 140, 0),
(1613, 29, 141, 0),
(1614, 29, 142, 0),
(1615, 29, 143, 0),
(1616, 29, 144, 0),
(1617, 29, 145, 0),
(1618, 29, 146, 0),
(1619, 29, 147, 0),
(1620, 29, 148, 0),
(1621, 29, 149, 0),
(1622, 29, 150, 0),
(1623, 29, 151, 0),
(1624, 29, 152, 0),
(1625, 29, 153, 0),
(1626, 29, 154, 0),
(1627, 29, 155, 0),
(1628, 29, 156, 0),
(1629, 29, 157, 0),
(1630, 29, 158, 0),
(1631, 29, 159, 0),
(1632, 29, 160, 0),
(1633, 29, 161, 0),
(1634, 29, 162, 0),
(1635, 29, 163, 0),
(1636, 29, 164, 0),
(1637, 29, 165, 0),
(1638, 29, 166, 0),
(1639, 29, 167, 0),
(1640, 29, 168, 0),
(1641, 29, 169, 0),
(1642, 29, 170, 0),
(1643, 29, 171, 0),
(1644, 29, 172, 0),
(1645, 29, 173, 0),
(1646, 29, 174, 0),
(1647, 29, 175, 0),
(1648, 29, 176, 0),
(1649, 29, 177, 0),
(1650, 29, 178, 0),
(1651, 29, 179, 0),
(1652, 29, 180, 0),
(1653, 29, 181, 0),
(1654, 29, 182, 0),
(1655, 29, 183, 0),
(1656, 29, 184, 0),
(1657, 29, 185, 0),
(1658, 29, 186, 0),
(1659, 29, 187, 0),
(1660, 29, 188, 0),
(1661, 29, 189, 0),
(1662, 29, 190, 0),
(1663, 29, 191, 0),
(1664, 29, 192, 0),
(1665, 30, 193, 0),
(1666, 30, 194, 0),
(1667, 30, 195, 0),
(1668, 30, 196, 0),
(1669, 30, 197, 0),
(1670, 30, 198, 0),
(1671, 30, 199, 0),
(1672, 30, 200, 0),
(1673, 30, 201, 0),
(1674, 30, 202, 0),
(1675, 30, 203, 0),
(1676, 30, 204, 0),
(1677, 30, 205, 0),
(1678, 30, 206, 0),
(1679, 30, 207, 0),
(1680, 30, 208, 0),
(1681, 30, 209, 0),
(1682, 30, 210, 0),
(1683, 30, 211, 0),
(1684, 30, 212, 0),
(1685, 30, 213, 0),
(1686, 30, 214, 0),
(1687, 30, 215, 0),
(1688, 30, 216, 0),
(1689, 30, 217, 0),
(1690, 30, 218, 0),
(1691, 30, 219, 0),
(1692, 30, 220, 0),
(1693, 30, 221, 0),
(1694, 30, 222, 0),
(1695, 30, 223, 0),
(1696, 30, 224, 0),
(1697, 30, 225, 0),
(1698, 30, 226, 0),
(1699, 30, 227, 0),
(1700, 30, 228, 0),
(1701, 30, 229, 0),
(1702, 30, 230, 0),
(1703, 30, 231, 0),
(1704, 30, 232, 0),
(1705, 30, 233, 0),
(1706, 30, 234, 0),
(1707, 30, 235, 0),
(1708, 30, 236, 0),
(1709, 30, 237, 0),
(1710, 30, 238, 0),
(1711, 30, 239, 0),
(1712, 30, 240, 0),
(1713, 30, 241, 0),
(1714, 30, 242, 0),
(1715, 30, 243, 0),
(1716, 30, 244, 0),
(1717, 30, 245, 0),
(1718, 30, 246, 0),
(1719, 30, 247, 0),
(1720, 30, 248, 0),
(1721, 30, 249, 0),
(1722, 30, 250, 0),
(1723, 30, 251, 0),
(1724, 30, 252, 0),
(1725, 30, 253, 0),
(1726, 30, 254, 0),
(1727, 30, 255, 0),
(1728, 30, 256, 0),
(1729, 31, 257, 0),
(1730, 31, 258, 0),
(1731, 31, 259, 0),
(1732, 31, 260, 0),
(1733, 31, 261, 0),
(1734, 31, 262, 0),
(1735, 31, 263, 0),
(1736, 31, 264, 0),
(1737, 31, 265, 0),
(1738, 31, 266, 0),
(1739, 31, 267, 0),
(1740, 31, 268, 0),
(1741, 31, 269, 0),
(1742, 31, 270, 0),
(1743, 31, 271, 0),
(1744, 31, 272, 0),
(1745, 31, 273, 0),
(1746, 31, 274, 0),
(1747, 31, 275, 0),
(1748, 31, 276, 0),
(1749, 31, 277, 0),
(1750, 31, 278, 0),
(1751, 31, 279, 0),
(1752, 31, 280, 0),
(1753, 31, 281, 0),
(1754, 31, 282, 0),
(1755, 31, 283, 0),
(1756, 31, 284, 0),
(1757, 31, 285, 0),
(1758, 31, 286, 0),
(1759, 31, 287, 0),
(1760, 31, 288, 0),
(1761, 31, 289, 0),
(1762, 31, 290, 0),
(1763, 31, 291, 0),
(1764, 31, 292, 0),
(1765, 31, 293, 0),
(1766, 31, 294, 0),
(1767, 31, 295, 0),
(1768, 31, 296, 0),
(1769, 31, 297, 0),
(1770, 31, 298, 0),
(1771, 31, 299, 0),
(1772, 31, 300, 0),
(1773, 31, 301, 0),
(1774, 31, 302, 0),
(1775, 31, 303, 0),
(1776, 31, 304, 0),
(1777, 31, 305, 0),
(1778, 31, 306, 0),
(1779, 31, 307, 0),
(1780, 31, 308, 0),
(1781, 31, 309, 0),
(1782, 31, 310, 0),
(1783, 31, 311, 0),
(1784, 31, 312, 0),
(1785, 31, 313, 0),
(1786, 31, 314, 0),
(1787, 31, 315, 0),
(1788, 31, 316, 0),
(1789, 31, 317, 0),
(1790, 31, 318, 0),
(1791, 31, 319, 0),
(1792, 31, 320, 0),
(1793, 32, 1, 0),
(1794, 32, 2, 0),
(1795, 32, 3, 0),
(1796, 32, 4, 0),
(1797, 32, 5, 0),
(1798, 32, 6, 0),
(1799, 32, 7, 0),
(1800, 32, 8, 0),
(1801, 32, 9, 0),
(1802, 32, 10, 0),
(1803, 32, 11, 0),
(1804, 32, 12, 0),
(1805, 32, 13, 0),
(1806, 32, 14, 0),
(1807, 32, 15, 0),
(1808, 32, 16, 0),
(1809, 32, 17, 0),
(1810, 32, 18, 0),
(1811, 32, 19, 0),
(1812, 32, 20, 0),
(1813, 32, 21, 0),
(1814, 32, 22, 0),
(1815, 32, 23, 0),
(1816, 32, 24, 0),
(1817, 32, 25, 0),
(1818, 32, 26, 0),
(1819, 32, 27, 0),
(1820, 32, 28, 0),
(1821, 32, 29, 0),
(1822, 32, 30, 0),
(1823, 32, 31, 0),
(1824, 32, 32, 0),
(1825, 32, 33, 0),
(1826, 32, 34, 0),
(1827, 32, 35, 0),
(1828, 32, 36, 0),
(1829, 32, 37, 0),
(1830, 32, 38, 0),
(1831, 32, 39, 0),
(1832, 32, 40, 0),
(1833, 32, 41, 0),
(1834, 32, 42, 0),
(1835, 32, 43, 0),
(1836, 32, 44, 0),
(1837, 32, 45, 0),
(1838, 32, 46, 0),
(1839, 32, 47, 0),
(1840, 32, 48, 0),
(1841, 32, 49, 0),
(1842, 32, 50, 0),
(1843, 32, 51, 0),
(1844, 32, 52, 0),
(1845, 32, 53, 0),
(1846, 32, 54, 0),
(1847, 32, 55, 0),
(1848, 32, 56, 0),
(1849, 32, 57, 0),
(1850, 32, 58, 0),
(1851, 32, 59, 0),
(1852, 32, 60, 0),
(1853, 32, 61, 0),
(1854, 32, 62, 0),
(1855, 32, 63, 0),
(1856, 32, 64, 0),
(1857, 33, 65, 0),
(1858, 33, 66, 0),
(1859, 33, 67, 0),
(1860, 33, 68, 0),
(1861, 33, 69, 0),
(1862, 33, 70, 0),
(1863, 33, 71, 0),
(1864, 33, 72, 0),
(1865, 33, 73, 0),
(1866, 33, 74, 0),
(1867, 33, 75, 0),
(1868, 33, 76, 0),
(1869, 33, 77, 0),
(1870, 33, 78, 0),
(1871, 33, 79, 0),
(1872, 33, 80, 0),
(1873, 33, 81, 0),
(1874, 33, 82, 0),
(1875, 33, 83, 0),
(1876, 33, 84, 0),
(1877, 33, 85, 0),
(1878, 33, 86, 0),
(1879, 33, 87, 0),
(1880, 33, 88, 0),
(1881, 33, 89, 0),
(1882, 33, 90, 0),
(1883, 33, 91, 0),
(1884, 33, 92, 0),
(1885, 33, 93, 0),
(1886, 33, 94, 0),
(1887, 33, 95, 0),
(1888, 33, 96, 0),
(1889, 33, 97, 0),
(1890, 33, 98, 0),
(1891, 33, 99, 0),
(1892, 33, 100, 0),
(1893, 33, 101, 0),
(1894, 33, 102, 0),
(1895, 33, 103, 0),
(1896, 33, 104, 0),
(1897, 33, 105, 0),
(1898, 33, 106, 0),
(1899, 33, 107, 0),
(1900, 33, 108, 0),
(1901, 33, 109, 0),
(1902, 33, 110, 0),
(1903, 33, 111, 0),
(1904, 33, 112, 0),
(1905, 33, 113, 0),
(1906, 33, 114, 0),
(1907, 33, 115, 0),
(1908, 33, 116, 0),
(1909, 33, 117, 0),
(1910, 33, 118, 0),
(1911, 33, 119, 0),
(1912, 33, 120, 0),
(1913, 33, 121, 0),
(1914, 33, 122, 0),
(1915, 33, 123, 0),
(1916, 33, 124, 0),
(1917, 33, 125, 0),
(1918, 33, 126, 0),
(1919, 33, 127, 0),
(1920, 33, 128, 0),
(1921, 34, 129, 0),
(1922, 34, 130, 0),
(1923, 34, 131, 0),
(1924, 34, 132, 0),
(1925, 34, 133, 0),
(1926, 34, 134, 0),
(1927, 34, 135, 0),
(1928, 34, 136, 0),
(1929, 34, 137, 0),
(1930, 34, 138, 0),
(1931, 34, 139, 0),
(1932, 34, 140, 0),
(1933, 34, 141, 0),
(1934, 34, 142, 0),
(1935, 34, 143, 0),
(1936, 34, 144, 0),
(1937, 34, 145, 0),
(1938, 34, 146, 0),
(1939, 34, 147, 0),
(1940, 34, 148, 0),
(1941, 34, 149, 0),
(1942, 34, 150, 0),
(1943, 34, 151, 0),
(1944, 34, 152, 0),
(1945, 34, 153, 0),
(1946, 34, 154, 0),
(1947, 34, 155, 0),
(1948, 34, 156, 0),
(1949, 34, 157, 0),
(1950, 34, 158, 0),
(1951, 34, 159, 0),
(1952, 34, 160, 0),
(1953, 34, 161, 0),
(1954, 34, 162, 0),
(1955, 34, 163, 0),
(1956, 34, 164, 0),
(1957, 34, 165, 0),
(1958, 34, 166, 0),
(1959, 34, 167, 0),
(1960, 34, 168, 0),
(1961, 34, 169, 0),
(1962, 34, 170, 0),
(1963, 34, 171, 0),
(1964, 34, 172, 0),
(1965, 34, 173, 0),
(1966, 34, 174, 0),
(1967, 34, 175, 0),
(1968, 34, 176, 0),
(1969, 34, 177, 0),
(1970, 34, 178, 0),
(1971, 34, 179, 0),
(1972, 34, 180, 0),
(1973, 34, 181, 0),
(1974, 34, 182, 0),
(1975, 34, 183, 0),
(1976, 34, 184, 0),
(1977, 34, 185, 0),
(1978, 34, 186, 0),
(1979, 34, 187, 0),
(1980, 34, 188, 0),
(1981, 34, 189, 0),
(1982, 34, 190, 0),
(1983, 34, 191, 0),
(1984, 34, 192, 0),
(1985, 35, 1, 0),
(1986, 35, 2, 0),
(1987, 35, 3, 0),
(1988, 35, 4, 0),
(1989, 35, 5, 0),
(1990, 35, 6, 0),
(1991, 35, 7, 0),
(1992, 35, 8, 0),
(1993, 35, 9, 0),
(1994, 35, 10, 0),
(1995, 35, 11, 0),
(1996, 35, 12, 0),
(1997, 35, 13, 0),
(1998, 35, 14, 0),
(1999, 35, 15, 0),
(2000, 35, 16, 0),
(2001, 35, 17, 0),
(2002, 35, 18, 0),
(2003, 35, 19, 0),
(2004, 35, 20, 0),
(2005, 35, 21, 0),
(2006, 35, 22, 0),
(2007, 35, 23, 0),
(2008, 35, 24, 0),
(2009, 35, 25, 0),
(2010, 35, 26, 0),
(2011, 35, 27, 0),
(2012, 35, 28, 0),
(2013, 35, 29, 0),
(2014, 35, 30, 0),
(2015, 35, 31, 0),
(2016, 35, 32, 0),
(2017, 35, 33, 0),
(2018, 35, 34, 0),
(2019, 35, 35, 0),
(2020, 35, 36, 0),
(2021, 35, 37, 0),
(2022, 35, 38, 0),
(2023, 35, 39, 0),
(2024, 35, 40, 0),
(2025, 35, 41, 0),
(2026, 35, 42, 0),
(2027, 35, 43, 0),
(2028, 35, 44, 0),
(2029, 35, 45, 0),
(2030, 35, 46, 0),
(2031, 35, 47, 0),
(2032, 35, 48, 0),
(2033, 35, 49, 0),
(2034, 35, 50, 0),
(2035, 35, 51, 0),
(2036, 35, 52, 0),
(2037, 35, 53, 0),
(2038, 35, 54, 0),
(2039, 35, 55, 0),
(2040, 35, 56, 0),
(2041, 35, 57, 0),
(2042, 35, 58, 0),
(2043, 35, 59, 0),
(2044, 35, 60, 0),
(2045, 35, 61, 0),
(2046, 35, 62, 0),
(2047, 35, 63, 0),
(2048, 35, 64, 0),
(2049, 36, 1, 0),
(2050, 36, 2, 0),
(2051, 36, 3, 0),
(2052, 36, 4, 0),
(2053, 36, 5, 0),
(2054, 36, 6, 0),
(2055, 36, 7, 0),
(2056, 36, 8, 0),
(2057, 36, 9, 0),
(2058, 36, 10, 0),
(2059, 36, 11, 0),
(2060, 36, 12, 0),
(2061, 36, 13, 0),
(2062, 36, 14, 0),
(2063, 36, 15, 0),
(2064, 36, 16, 0),
(2065, 36, 17, 0),
(2066, 36, 18, 0),
(2067, 36, 19, 0),
(2068, 36, 20, 0),
(2069, 36, 21, 0),
(2070, 36, 22, 0),
(2071, 36, 23, 0),
(2072, 36, 24, 0),
(2073, 36, 25, 0),
(2074, 36, 26, 0),
(2075, 36, 27, 0),
(2076, 36, 28, 0),
(2077, 36, 29, 0),
(2078, 36, 30, 0),
(2079, 36, 31, 0),
(2080, 36, 32, 0),
(2081, 36, 33, 0),
(2082, 36, 34, 0),
(2083, 36, 35, 0),
(2084, 36, 36, 0),
(2085, 36, 37, 0),
(2086, 36, 38, 0),
(2087, 36, 39, 0),
(2088, 36, 40, 0),
(2089, 36, 41, 0),
(2090, 36, 42, 0),
(2091, 36, 43, 0),
(2092, 36, 44, 0),
(2093, 36, 45, 0),
(2094, 36, 46, 0),
(2095, 36, 47, 0),
(2096, 36, 48, 0),
(2097, 36, 49, 0),
(2098, 36, 50, 0),
(2099, 36, 51, 0),
(2100, 36, 52, 0),
(2101, 36, 53, 0),
(2102, 36, 54, 0),
(2103, 36, 55, 0),
(2104, 36, 56, 0),
(2105, 36, 57, 0),
(2106, 36, 58, 0),
(2107, 36, 59, 0),
(2108, 36, 60, 0),
(2109, 36, 61, 0),
(2110, 36, 62, 0),
(2111, 36, 63, 0),
(2112, 36, 64, 0);

-- --------------------------------------------------------

--
-- Table structure for table `updatehistory`
--

CREATE TABLE `updatehistory` (
  `upId` int(11) NOT NULL,
  `fId` int(11) DEFAULT NULL,
  `sId` int(11) DEFAULT NULL,
  `content` varchar(500) COLLATE utf8_vietnamese_ci DEFAULT NULL
) ENGINE=InnoDB DEFAULT CHARSET=utf8 COLLATE=utf8_vietnamese_ci;

-- --------------------------------------------------------

--
-- Table structure for table `user`
--

CREATE TABLE `user` (
  `uId` int(11) NOT NULL,
  `username` varchar(25) COLLATE utf8_vietnamese_ci NOT NULL,
  `email` varchar(50) COLLATE utf8_vietnamese_ci NOT NULL,
  `password` varchar(100) COLLATE utf8_vietnamese_ci NOT NULL,
  `birthday` datetime NOT NULL,
  `nId` int(11) DEFAULT NULL,
  `gender` int(11) NOT NULL,
  `address` varchar(500) COLLATE utf8_vietnamese_ci DEFAULT NULL,
  `phone` varchar(15) COLLATE utf8_vietnamese_ci NOT NULL,
  `regisDate` datetime DEFAULT current_timestamp(),
  `permission` int(11) DEFAULT NULL,
  `status` int(11) DEFAULT 1
) ENGINE=InnoDB DEFAULT CHARSET=utf8 COLLATE=utf8_vietnamese_ci;

--
-- Dumping data for table `user`
--

INSERT INTO `user` (`uId`, `username`, `email`, `password`, `birthday`, `nId`, `gender`, `address`, `phone`, `regisDate`, `permission`, `status`) VALUES
(1, 'staff', 'staff@gmail.com', '123', '2020-07-23 00:00:00', NULL, 0, 'can tho', '0832629473', '2020-07-21 00:00:00', 1, 1),
(2, 'nghi', 'nghipq@gmail.com', '202cb962ac59075b964b07152d234b70', '2020-07-23 00:00:00', NULL, 1, 'can tho', '0832629473', '2020-07-21 00:00:00', 0, 1),
(3, 'admin', 'admin@123', '202cb962ac59075b964b07152d234b70', '2020-07-22 00:00:00', NULL, 0, 'can tho', '0832629473', '2020-07-21 15:01:34', 2, 1),
(6, 'com', 'com@gmail.com', '202cb962ac59075b964b07152d234b70', '2020-07-23 00:00:00', NULL, 0, 'can tho', '0832629473', '2020-07-21 09:48:51', 1, 1),
(7, 'nhan', 'nhanltce140044@fpt.edu.vn', '202cb962ac59075b964b07152d234b70', '2020-07-01 00:00:00', NULL, 0, 'Can Tho', '0587964355', '2020-07-24 10:24:45', 0, 1);

--
-- Indexes for dumped tables
--

--
-- Indexes for table `bill`
--
ALTER TABLE `bill`
  ADD PRIMARY KEY (`bId`),
  ADD KEY `cusId` (`cusId`),
  ADD KEY `sId` (`sId`);

--
-- Indexes for table `billdetail`
--
ALTER TABLE `billdetail`
  ADD KEY `tId` (`tId`),
  ADD KEY `bId` (`bId`);

--
-- Indexes for table `categories`
--
ALTER TABLE `categories`
  ADD PRIMARY KEY (`cateId`);

--
-- Indexes for table `categoryinfilm`
--
ALTER TABLE `categoryinfilm`
  ADD PRIMARY KEY (`fId`),
  ADD KEY `cateId` (`cateId`);

--
-- Indexes for table `customers`
--
ALTER TABLE `customers`
  ADD PRIMARY KEY (`cusId`);

--
-- Indexes for table `films`
--
ALTER TABLE `films`
  ADD PRIMARY KEY (`fId`),
  ADD KEY `pId` (`pId`);

--
-- Indexes for table `formality`
--
ALTER TABLE `formality`
  ADD PRIMARY KEY (`fmId`);

--
-- Indexes for table `graphic`
--
ALTER TABLE `graphic`
  ADD PRIMARY KEY (`gId`),
  ADD KEY `fId` (`fId`);

--
-- Indexes for table `nationality`
--
ALTER TABLE `nationality`
  ADD PRIMARY KEY (`nId`);

--
-- Indexes for table `person`
--
ALTER TABLE `person`
  ADD PRIMARY KEY (`pId`),
  ADD KEY `nId` (`nId`),
  ADD KEY `rId` (`rId`);

--
-- Indexes for table `personinfilm`
--
ALTER TABLE `personinfilm`
  ADD PRIMARY KEY (`fId`),
  ADD KEY `pId` (`pId`);

--
-- Indexes for table `producers`
--
ALTER TABLE `producers`
  ADD PRIMARY KEY (`pId`),
  ADD KEY `nId` (`nId`);

--
-- Indexes for table `role`
--
ALTER TABLE `role`
  ADD PRIMARY KEY (`rId`);

--
-- Indexes for table `room`
--
ALTER TABLE `room`
  ADD PRIMARY KEY (`rId`);

--
-- Indexes for table `roomseat`
--
ALTER TABLE `roomseat`
  ADD PRIMARY KEY (`seatId`);

--
-- Indexes for table `schedule`
--
ALTER TABLE `schedule`
  ADD PRIMARY KEY (`scheId`),
  ADD KEY `sesId` (`sesId`),
  ADD KEY `fmId` (`fmId`),
  ADD KEY `fId` (`fId`),
  ADD KEY `rId` (`rId`);

--
-- Indexes for table `session`
--
ALTER TABLE `session`
  ADD PRIMARY KEY (`sesId`);

--
-- Indexes for table `staff`
--
ALTER TABLE `staff`
  ADD PRIMARY KEY (`sId`);

--
-- Indexes for table `ticket`
--
ALTER TABLE `ticket`
  ADD PRIMARY KEY (`tId`),
  ADD KEY `scheId` (`scheId`),
  ADD KEY `seatId` (`seatId`);

--
-- Indexes for table `updatehistory`
--
ALTER TABLE `updatehistory`
  ADD PRIMARY KEY (`upId`),
  ADD KEY `fId` (`fId`),
  ADD KEY `sId` (`sId`);

--
-- Indexes for table `user`
--
ALTER TABLE `user`
  ADD PRIMARY KEY (`uId`),
  ADD KEY `nId` (`nId`);

--
-- AUTO_INCREMENT for dumped tables
--

--
-- AUTO_INCREMENT for table `bill`
--
ALTER TABLE `bill`
  MODIFY `bId` int(11) NOT NULL AUTO_INCREMENT, AUTO_INCREMENT=6;

--
-- AUTO_INCREMENT for table `categories`
--
ALTER TABLE `categories`
  MODIFY `cateId` int(11) NOT NULL AUTO_INCREMENT, AUTO_INCREMENT=5;

--
-- AUTO_INCREMENT for table `films`
--
ALTER TABLE `films`
  MODIFY `fId` int(11) NOT NULL AUTO_INCREMENT, AUTO_INCREMENT=9;

--
-- AUTO_INCREMENT for table `formality`
--
ALTER TABLE `formality`
  MODIFY `fmId` int(11) NOT NULL AUTO_INCREMENT, AUTO_INCREMENT=3;

--
-- AUTO_INCREMENT for table `graphic`
--
ALTER TABLE `graphic`
  MODIFY `gId` int(11) NOT NULL AUTO_INCREMENT, AUTO_INCREMENT=24;

--
-- AUTO_INCREMENT for table `nationality`
--
ALTER TABLE `nationality`
  MODIFY `nId` int(11) NOT NULL AUTO_INCREMENT, AUTO_INCREMENT=7;

--
-- AUTO_INCREMENT for table `person`
--
ALTER TABLE `person`
  MODIFY `pId` int(11) NOT NULL AUTO_INCREMENT, AUTO_INCREMENT=9;

--
-- AUTO_INCREMENT for table `producers`
--
ALTER TABLE `producers`
  MODIFY `pId` int(11) NOT NULL AUTO_INCREMENT, AUTO_INCREMENT=4;

--
-- AUTO_INCREMENT for table `role`
--
ALTER TABLE `role`
  MODIFY `rId` int(11) NOT NULL AUTO_INCREMENT, AUTO_INCREMENT=4;

--
-- AUTO_INCREMENT for table `room`
--
ALTER TABLE `room`
  MODIFY `rId` int(11) NOT NULL AUTO_INCREMENT, AUTO_INCREMENT=6;

--
-- AUTO_INCREMENT for table `roomseat`
--
ALTER TABLE `roomseat`
  MODIFY `seatId` int(11) NOT NULL AUTO_INCREMENT, AUTO_INCREMENT=321;

--
-- AUTO_INCREMENT for table `schedule`
--
ALTER TABLE `schedule`
  MODIFY `scheId` int(11) NOT NULL AUTO_INCREMENT, AUTO_INCREMENT=37;

--
-- AUTO_INCREMENT for table `session`
--
ALTER TABLE `session`
  MODIFY `sesId` int(11) NOT NULL AUTO_INCREMENT, AUTO_INCREMENT=27;

--
-- AUTO_INCREMENT for table `ticket`
--
ALTER TABLE `ticket`
  MODIFY `tId` int(11) NOT NULL AUTO_INCREMENT, AUTO_INCREMENT=2113;

--
-- AUTO_INCREMENT for table `updatehistory`
--
ALTER TABLE `updatehistory`
  MODIFY `upId` int(11) NOT NULL AUTO_INCREMENT;

--
-- AUTO_INCREMENT for table `user`
--
ALTER TABLE `user`
  MODIFY `uId` int(11) NOT NULL AUTO_INCREMENT, AUTO_INCREMENT=8;

--
-- Constraints for dumped tables
--

--
-- Constraints for table `bill`
--
ALTER TABLE `bill`
  ADD CONSTRAINT `bill_ibfk_1` FOREIGN KEY (`cusId`) REFERENCES `customers` (`cusId`),
  ADD CONSTRAINT `bill_ibfk_2` FOREIGN KEY (`sId`) REFERENCES `staff` (`sId`);

--
-- Constraints for table `billdetail`
--
ALTER TABLE `billdetail`
  ADD CONSTRAINT `billdetail_ibfk_1` FOREIGN KEY (`tId`) REFERENCES `ticket` (`tId`),
  ADD CONSTRAINT `billdetail_ibfk_2` FOREIGN KEY (`bId`) REFERENCES `bill` (`bId`);

--
-- Constraints for table `categoryinfilm`
--
ALTER TABLE `categoryinfilm`
  ADD CONSTRAINT `categoryinfilm_ibfk_1` FOREIGN KEY (`fId`) REFERENCES `films` (`fId`),
  ADD CONSTRAINT `categoryinfilm_ibfk_2` FOREIGN KEY (`cateId`) REFERENCES `categories` (`cateId`);

--
-- Constraints for table `customers`
--
ALTER TABLE `customers`
  ADD CONSTRAINT `customers_ibfk_1` FOREIGN KEY (`cusId`) REFERENCES `user` (`uId`);

--
-- Constraints for table `films`
--
ALTER TABLE `films`
  ADD CONSTRAINT `films_ibfk_1` FOREIGN KEY (`pId`) REFERENCES `producers` (`pId`);

--
-- Constraints for table `graphic`
--
ALTER TABLE `graphic`
  ADD CONSTRAINT `graphic_ibfk_1` FOREIGN KEY (`fId`) REFERENCES `films` (`fId`);

--
-- Constraints for table `person`
--
ALTER TABLE `person`
  ADD CONSTRAINT `person_ibfk_1` FOREIGN KEY (`nId`) REFERENCES `nationality` (`nId`),
  ADD CONSTRAINT `person_ibfk_2` FOREIGN KEY (`rId`) REFERENCES `role` (`rId`);

--
-- Constraints for table `personinfilm`
--
ALTER TABLE `personinfilm`
  ADD CONSTRAINT `personinfilm_ibfk_1` FOREIGN KEY (`fId`) REFERENCES `films` (`fId`),
  ADD CONSTRAINT `personinfilm_ibfk_2` FOREIGN KEY (`pId`) REFERENCES `person` (`pId`);

--
-- Constraints for table `producers`
--
ALTER TABLE `producers`
  ADD CONSTRAINT `producers_ibfk_1` FOREIGN KEY (`nId`) REFERENCES `nationality` (`nId`);

--
-- Constraints for table `schedule`
--
ALTER TABLE `schedule`
  ADD CONSTRAINT `schedule_ibfk_1` FOREIGN KEY (`sesId`) REFERENCES `session` (`sesId`),
  ADD CONSTRAINT `schedule_ibfk_2` FOREIGN KEY (`fmId`) REFERENCES `formality` (`fmId`),
  ADD CONSTRAINT `schedule_ibfk_3` FOREIGN KEY (`fId`) REFERENCES `films` (`fId`),
  ADD CONSTRAINT `schedule_ibfk_4` FOREIGN KEY (`rId`) REFERENCES `room` (`rId`);

--
-- Constraints for table `staff`
--
ALTER TABLE `staff`
  ADD CONSTRAINT `staff_ibfk_1` FOREIGN KEY (`sId`) REFERENCES `user` (`uId`);

--
-- Constraints for table `ticket`
--
ALTER TABLE `ticket`
  ADD CONSTRAINT `ticket_ibfk_1` FOREIGN KEY (`scheId`) REFERENCES `schedule` (`scheId`),
  ADD CONSTRAINT `ticket_ibfk_2` FOREIGN KEY (`seatId`) REFERENCES `roomseat` (`seatId`);

--
-- Constraints for table `updatehistory`
--
ALTER TABLE `updatehistory`
  ADD CONSTRAINT `updatehistory_ibfk_1` FOREIGN KEY (`fId`) REFERENCES `films` (`fId`),
  ADD CONSTRAINT `updatehistory_ibfk_2` FOREIGN KEY (`sId`) REFERENCES `staff` (`sId`);

--
-- Constraints for table `user`
--
ALTER TABLE `user`
  ADD CONSTRAINT `user_ibfk_1` FOREIGN KEY (`nId`) REFERENCES `nationality` (`nId`);
COMMIT;

/*!40101 SET CHARACTER_SET_CLIENT=@OLD_CHARACTER_SET_CLIENT */;
/*!40101 SET CHARACTER_SET_RESULTS=@OLD_CHARACTER_SET_RESULTS */;
/*!40101 SET COLLATION_CONNECTION=@OLD_COLLATION_CONNECTION */;
